PersonID,EAR,BlinkCount,MAR,YawnCount,EyeClosedSeconds,HeadDirection,Emotion,Timestamp
p1,0.414,0,0.014,0,0,Down,NEUTRAL,22:46:14
p1,0.423,0,0.004,0,0,Down,NEUTRAL,22:46:16
p1,0.419,0,0.018,0,0,Down,NEUTRAL,22:46:18
p1,0.307,0,0.006,2,0,Down,NEUTRAL,22:46:20
p1,0.378,0,0.024,2,0,Down,NEUTRAL,22:46:22
p1,0.358,0,0.004,2,0,Down,NEUTRAL,22:46:24
p1,0.312,0,0.01,2,0,Down,NEUTRAL,22:46:26
p1,0.37,0,0.005,4,0,Down,NEUTRAL,22:46:28
p1,0.241,2,0.012,4,0,Down,NEUTRAL,22:46:30
p1,0.275,5,0.026,4,0,Down,NEUTRAL,22:46:32
p1,0.302,10,0.004,4,0,Down,NEUTRAL,22:46:34
p1,0.377,10,0.041,4,0,Down,NEUTRAL,22:46:36
p1,0.306,10,0.007,4,0,Down,NEUTRAL,22:46:38
p2,0.366,0,0.01,0,0,Down,NEUTRAL,22:59:22
p2,0.453,0,0.019,0,0,Down,NEUTRAL,22:59:24
p2,0.175,0,0.899,1,0.02,Down,TIRED,22:59:26
p2,0.261,1,0.012,3,0,Down,NEUTRAL,22:59:28
p2,0.181,5,0.05,5,0.15,Down,ANGRY,22:59:30
p2,0.33,7,0.086,5,0,Down,NEUTRAL,22:59:32
p2,0.601,8,0.023,5,0,Left,NEUTRAL,22:59:34
p2,0.295,8,0.085,5,0,Down,NEUTRAL,22:59:36
p2,0.155,10,0.151,5,0.34,Down,TIRED,22:59:38
p2,0.101,11,0.028,5,1.76,Down,TIRED,22:59:40
p2,0.331,12,0.215,5,0,Down,NEUTRAL,22:59:42
p2,0.327,12,0.013,5,0,Down,NEUTRAL,22:59:44
p2,0.316,12,0.518,6,0,Down,HAPPY,22:59:46
p3,0.327,0,0.259,0,0,Down,NEUTRAL,07:33:37
p3,0.33,0,0.157,0,0,Down,NEUTRAL,07:33:39
p3,0.393,0,0.162,0,0,Down,NEUTRAL,07:33:42
p3,0.356,0,0.009,0,0,Down,NEUTRAL,07:33:44
p3,0.358,0,0.1,2,0,Down,NEUTRAL,07:33:46
p3,0.262,3,0.022,2,0,Down,NEUTRAL,07:33:48
p3,0.404,5,0.007,2,0,Left,NEUTRAL,07:33:50
p3,0.205,9,0.014,2,0,Up,BLINK_DETECTED,07:33:52
p3,0.455,17,0.014,2,0,Left,NEUTRAL,07:33:54
p3,0.257,24,0.408,10,0,Down,HAPPY,07:33:56
p3,0.313,24,0.016,10,0,Down,NEUTRAL,07:33:58
p3,0.141,24,0.018,10,0.99,Down,TIRED,07:34:00
p3,0.118,24,0.011,10,3.01,Down,TIRED,07:34:02
p3,0.097,24,0.016,10,5.03,Down,TIRED,07:34:04
p3,0.138,25,0.017,10,1.61,Down,TIRED,07:34:06
p3,0.184,28,0.018,10,0.0,Down,ANGRY,07:34:08
p3,0.103,28,0.019,10,2.04,Down,TIRED,07:34:10
p3,0.15,28,0.018,10,4.05,Down,TIRED,07:34:12
p3,0.147,28,0.019,10,6.06,Down,TIRED,07:34:14
p3,0.126,28,0.008,10,8.06,Down,TIRED,07:34:16
p3,0.151,28,0.013,10,10.09,Down,DROWSY,07:34:18
p3,0.267,33,0.014,10,0,Down,NEUTRAL,07:34:20
p3,0.291,33,0.023,10,0,Down,NEUTRAL,07:34:22
p3,0.339,33,0.026,10,0,Down,NEUTRAL,07:34:24
p3,0.313,33,0.024,10,0,Down,NEUTRAL,07:34:26
p4,0.286,0,0.165,0,0,Down,NEUTRAL,10:15:05
p4,0.366,0,0.04,0,0,Down,NEUTRAL,10:15:07
p4,0.39,0,0.443,1,0,Down,HAPPY,10:15:09
p4,0.283,0,0.085,1,0,Down,NEUTRAL,10:15:12
p4,0.428,0,0.451,1,0,Down,HAPPY,10:15:14
p4,0.345,0,0.409,1,0,Down,HAPPY,10:15:16
p4,0.221,0,0.023,1,0,Left,NEUTRAL,10:15:18
p4,0.408,0,0.669,1,0,Down,NEUTRAL,10:15:20
p4,0.371,0,0.413,2,0,Down,HAPPY,10:15:22
p4,0.345,0,0.401,2,0,Down,HAPPY,10:15:24
p4,0.412,0,0.352,2,0,Down,NEUTRAL,10:15:26
p4,0.394,0,0.48,3,0,Down,HAPPY,10:15:28
p4,0.466,0,0.428,3,0,Down,HAPPY,10:15:30
p4,0.398,0,1.079,3,0,Down,SURPRISED,10:15:32
p4,0.434,0,0.754,3,0,Down,SURPRISED,10:15:34
p4,0.652,3,0.024,4,0,Left,NEUTRAL,10:15:36
p4,0.397,3,0.448,4,0,Down,HAPPY,10:15:38
p4,0.331,3,0.012,4,0,Down,NEUTRAL,10:15:40
p4,0.382,3,0.443,4,0,Down,HAPPY,10:15:42
p4,0.315,3,0.104,4,0,Left,NEUTRAL,10:15:44
p4,0.321,3,0.025,4,0,Left,NEUTRAL,10:15:48
p4,0.415,3,0.497,5,0,Down,HAPPY,10:15:50
p4,0.242,5,0.005,6,0,Down,NEUTRAL,10:15:52
p4,0.136,9,0.546,7,0.16,Down,TIRED,10:15:54
p4,0.351,11,1.159,7,0,Down,SURPRISED,10:15:56
p4,0.359,13,0.529,8,0,Down,HAPPY,10:15:58
p4,0.125,15,0.003,8,1.05,Down,TIRED,10:16:00
p4,0.158,17,0.005,8,0.03,Down,TIRED,10:16:02
p4,0.329,20,0.002,8,0,Down,NEUTRAL,10:16:04
p4,0.131,23,0.005,8,0.13,Down,TIRED,10:16:06
p4,0.355,28,0.004,8,0,Down,NEUTRAL,10:16:09
p4,0.343,30,0.009,8,0,Down,NEUTRAL,10:16:11
p4,0.303,30,0.004,8,0,Down,NEUTRAL,10:16:13
p5,0.344,0,0.015,0,0,Up,NEUTRAL,10:17:35
p5,0.419,0,0.333,0,0,Down,NEUTRAL,10:17:37
p5,0.113,1,1.102,0,0.46,Down,TIRED,10:17:39
p5,0.44,5,1.345,0,0,Down,SURPRISED,10:17:41
p5,0.091,8,1.302,0,0.16,Down,TIRED,10:17:43
p5,0.728,10,0.009,1,0,Left,NEUTRAL,10:17:45
p5,0.399,10,0.02,1,0,Down,NEUTRAL,10:17:47
p5,0.124,13,0.005,1,0.34,Up,TIRED,10:17:49
p5,0.123,13,0.005,1,2.35,Down,TIRED,10:17:51
p5,0.113,14,0.012,1,0.3,Down,TIRED,10:17:53
p5,0.39,16,0.371,1,0,Down,NEUTRAL,10:17:55
p5,0.38,16,1.081,1,0,Down,SURPRISED,10:17:57
p5,0.397,16,0.008,2,0,Down,NEUTRAL,10:17:59
p5,0.222,20,0.043,3,0,Down,NEUTRAL,10:18:01
p5,0.193,22,0.003,3,0.22,Down,ANGRY,10:18:03
p5,0.115,25,0.006,3,0.08,Down,TIRED,10:18:05
p5,0.256,30,0.008,3,0,Down,NEUTRAL,10:18:07
p5,0.395,36,0.002,3,0,Down,NEUTRAL,10:18:09
p5,0.459,40,0.508,3,0,Down,HAPPY,10:18:11
p5,0.377,42,0.002,7,0,Down,NEUTRAL,10:18:13
p5,0.36,42,0.016,7,0,Down,NEUTRAL,10:18:15
p5,0.308,43,0.064,7,0,Down,NEUTRAL,10:18:17
p5,0.307,44,0.13,7,0,Down,NEUTRAL,10:18:19
pp6,0.304,0,0.013,0,0,Up,NEUTRAL,10:19:17
pp6,0.355,0,0.003,0,0,Down,NEUTRAL,10:19:19
pp6,0.407,0,0.002,0,0,Down,NEUTRAL,10:19:21
pp6,0.33,0,0.009,0,0,Down,NEUTRAL,10:19:23
pp6,0.417,1,0.015,0,0,Down,NEUTRAL,10:19:25
pp6,0.294,1,0.009,0,0,Down,NEUTRAL,10:19:27
pp6,0.396,1,0.172,0,0,Down,NEUTRAL,10:19:30
pp6,0.387,1,0.002,0,0,Down,NEUTRAL,10:19:32
pp6,0.356,1,0.272,0,0,Down,NEUTRAL,10:19:34
pp6,0.383,1,0.003,0,0,Down,NEUTRAL,10:19:36
pp6,0.382,2,0.119,0,0,Down,NEUTRAL,10:19:38
pp6,0.36,2,0.265,0,0,Down,NEUTRAL,10:19:40
pp6,0.248,2,0.238,0,0,Down,NEUTRAL,10:19:42
pp6,0.351,4,0.005,0,0,Down,NEUTRAL,10:19:44
pp6,0.457,4,0.08,0,0,Down,NEUTRAL,10:19:46
pp6,0.387,4,0.007,0,0,Down,NEUTRAL,10:19:48
pp6,0.609,4,0.019,0,0,Left,NEUTRAL,10:19:50
pp6,0.262,4,0.007,0,0,Down,NEUTRAL,10:19:52
pp6,0.397,5,0.008,0,0,Down,NEUTRAL,10:19:54
pp6,0.42,5,0.008,0,0,Down,NEUTRAL,10:19:56
pp6,0.119,6,0.006,0,1.29,Down,TIRED,10:19:58
pp6,0.345,7,0.578,1,0,Down,YAWNING,10:20:00
pp6,0.383,7,0.008,1,0,Down,NEUTRAL,10:20:02
pp6,0.352,7,0.13,1,0,Down,NEUTRAL,10:20:04
p7,0.394,0,0.007,0,0,Down,NEUTRAL,10:21:07
p7,0.417,0,0.391,0,0,Down,NEUTRAL,10:21:09
p7,0.387,0,0.002,0,0,Down,NEUTRAL,10:21:11
p7,0.328,2,0.029,0,0,Down,NEUTRAL,10:21:13
p7,0.401,3,0.004,0,0,Down,NEUTRAL,10:21:15
p7,0.08,3,0.003,0,0.43,Down,TIRED,10:21:17
p7,0.106,3,0.004,0,2.43,Down,TIRED,10:21:19
p7,0.403,5,0.004,0,0,Down,NEUTRAL,10:21:21
p7,0.301,5,0.014,0,0,Left,NEUTRAL,10:21:23
p7,0.482,6,0.019,0,0,Right,NEUTRAL,10:21:25
p7,0.389,6,0.002,0,0,Down,NEUTRAL,10:21:27
p7,0.43,6,0.817,0,0,Down,SURPRISED,10:21:29
p7,0.399,7,0.002,1,0,Down,NEUTRAL,10:21:31
p7,0.401,8,0.002,1,0,Down,NEUTRAL,10:21:33
p7,0.411,8,0.003,1,0,Down,NEUTRAL,10:21:35
p7,0.41,10,0.002,1,0,Down,NEUTRAL,10:21:37
p7,0.399,11,0.008,1,0,Down,NEUTRAL,10:21:39
p8,0.378,0,0.003,0,0,Down,NEUTRAL,10:23:10
p8,0.402,0,0.004,0,0,Down,NEUTRAL,10:23:12
p8,0.428,0,0.009,0,0,Up,NEUTRAL,10:23:14
p8,0.346,0,0.013,0,0,Up,NEUTRAL,10:23:16
p8,0.388,0,0.178,0,0,Right,NEUTRAL,10:23:18
p8,0.412,0,0.006,0,0,Up,NEUTRAL,10:23:20
p8,0.358,0,0.006,0,0,Up,NEUTRAL,10:23:22
p8,0.345,0,0.004,0,0,Up,NEUTRAL,10:23:24
p8,0.421,1,0.008,0,0,Up,NEUTRAL,10:23:26
p8,0.398,1,0.015,0,0,Up,NEUTRAL,10:23:28
p8,0.301,1,0.009,0,0,Up,NEUTRAL,10:23:31
p8,0.384,1,0.004,0,0,Up,NEUTRAL,10:23:33
p8,0.363,2,0.001,0,0,Up,NEUTRAL,10:23:35
p8,0.392,2,0.003,0,0,Up,NEUTRAL,10:23:37
p8,0.442,2,0.004,0,0,Up,NEUTRAL,10:23:39
p8,0.433,2,0.004,0,0,Up,NEUTRAL,10:23:41
p8,0.428,2,0.004,0,0,Up,NEUTRAL,10:23:43
p8,0.311,3,0.634,1,0,Up,YAWNING,10:23:45
p8,0.416,3,0.26,7,0,Up,NEUTRAL,10:23:47
p8,0.472,3,0.008,7,0,Up,NEUTRAL,10:23:49
p8,0.428,3,0.008,7,0,Up,NEUTRAL,10:23:51
p8,0.53,3,0.012,7,0,Up,NEUTRAL,10:23:53
p8,0.396,3,0.001,7,0,Up,NEUTRAL,10:23:55
p9,0.406,0,0.002,0,0,Down,NEUTRAL,10:24:41
p9,0.396,0,0.351,0,0,Down,NEUTRAL,10:24:43
p9,0.351,0,0.188,0,0,Up,NEUTRAL,10:24:45
p9,0.404,0,0.368,0,0,Up,NEUTRAL,10:24:47
p9,0.394,0,0.285,0,0,Up,NEUTRAL,10:24:49
p9,0.516,0,0.012,0,0,Left,NEUTRAL,10:24:51
p9,0.393,0,0.006,0,0,Up,NEUTRAL,10:24:53
p9,0.347,0,0.01,0,0,Up,NEUTRAL,10:24:55
p9,0.363,0,0.001,0,0,Up,NEUTRAL,10:24:57
p9,0.248,1,0.003,0,0,Up,BLINK_DETECTED,10:24:59
p9,0.372,1,0.004,0,0,Up,NEUTRAL,10:25:01
p9,0.306,5,0.002,0,0,Up,NEUTRAL,10:25:03
p9,0.296,8,0.002,0,0,Up,NEUTRAL,10:25:05
p9,0.278,11,0.002,0,0,Up,NEUTRAL,10:25:07
p9,0.338,15,0.001,0,0,Up,NEUTRAL,10:25:09
p9,0.403,15,0.002,0,0,Up,NEUTRAL,10:25:11
p9,0.352,15,0.093,1,0,Up,NEUTRAL,10:25:13
p9,0.324,15,0.002,1,0,Up,NEUTRAL,10:25:15
p9,0.295,15,0.067,1,0,Up,NEUTRAL,10:25:17
p9,0.263,16,0.003,1,0,Up,NEUTRAL,10:25:19
p9,0.35,19,0.007,1,0,Up,NEUTRAL,10:25:21
p9,0.376,19,0.002,1,0,Up,NEUTRAL,10:25:23
p9,0.311,20,0.251,1,0,Up,NEUTRAL,10:25:25
p9,0.394,20,0.001,1,0,Up,NEUTRAL,10:25:27
p9,0.376,20,0.003,1,0,Up,NEUTRAL,10:25:29
p10,0.309,0,0.021,0,0,Up,NEUTRAL,10:25:59
p10,0.482,0,0.843,1,0,Left,SURPRISED,10:26:01
p10,0.323,0,0.369,2,0,Up,NEUTRAL,10:26:06
p10,0.384,0,0.008,2,0,Up,NEUTRAL,10:26:08
p10,0.371,0,0.01,2,0,Up,NEUTRAL,10:26:10
p10,0.435,0,0.009,2,0,Up,NEUTRAL,10:26:12
p10,0.401,0,0.006,2,0,Up,NEUTRAL,10:26:14
p10,0.474,0,0.019,2,0,Down,NEUTRAL,10:26:16
p10,0.355,0,0.541,2,0,Down,HAPPY,10:26:18
p10,0.373,0,0.306,2,0,Down,NEUTRAL,10:26:20
p10,0.341,0,0.012,2,0,Down,NEUTRAL,10:26:22
p10,0.382,0,0.893,2,0,Down,SURPRISED,10:26:24
p10,0.374,0,0.232,3,0,Down,NEUTRAL,10:26:26
p10,0.37,1,0.332,3,0,Down,NEUTRAL,10:26:28
p10,0.436,4,0.008,3,0,Down,NEUTRAL,10:26:30
p10,0.401,5,0.002,3,0,Down,NEUTRAL,10:26:32
p10,0.304,6,0.003,3,0,Down,NEUTRAL,10:26:34
p10,0.416,7,0.751,3,0,Down,SURPRISED,10:26:36
p10,0.394,7,0.251,4,0,Down,NEUTRAL,10:26:38
p10,0.342,7,0.302,4,0,Down,NEUTRAL,10:26:40
p10,0.252,7,0.279,4,0,Down,NEUTRAL,10:26:42
p11,0.3,0,0.014,0,0,Up,NEUTRAL,10:27:00
p11,0.372,0,0.014,0,0,Down,NEUTRAL,10:27:02
p11,0.407,0,0.008,0,0,Down,NEUTRAL,10:27:04
p11,0.394,0,0.001,0,0,Down,NEUTRAL,10:27:06
p11,0.348,0,0.002,0,0,Down,NEUTRAL,10:27:08
p11,0.424,0,0.266,0,0,Down,NEUTRAL,10:27:10
p11,0.373,0,0.231,0,0,Down,NEUTRAL,10:27:12
p11,0.162,0,0.001,0,1.85,Down,TIRED,10:27:14
p11,0.154,0,0.003,0,3.87,Down,TIRED,10:27:16
p11,0.12,0,0.002,0,5.89,Down,TIRED,10:27:18
p11,0.611,1,0.015,0,0,Left,NEUTRAL,10:27:20
p11,0.425,1,0.001,0,0,Down,NEUTRAL,10:27:22
p11,0.565,1,0.013,0,0,Left,NEUTRAL,10:27:24
p11,0.32,1,0.587,0,0,Down,NEUTRAL,10:27:26
p11,0.3,1,0.004,1,0,Down,NEUTRAL,10:27:28
p11,0.355,1,1.014,1,0,Down,SURPRISED,10:27:30
p11,0.355,1,0.011,2,0,Down,NEUTRAL,10:27:32
p11,0.467,1,0.181,2,0,Down,NEUTRAL,10:27:35
p11,0.398,1,0.003,2,0,Down,NEUTRAL,10:27:37
p11,0.458,1,0.005,2,0,Down,NEUTRAL,10:27:39
p11,0.386,2,0.14,2,0,Down,NEUTRAL,10:27:41
p11,0.313,2,0.026,2,0,Down,NEUTRAL,10:27:43
p11,0.342,2,0.008,2,0,Down,NEUTRAL,10:27:45
p12,0.358,0,0.261,0,0,Up,NEUTRAL,10:28:02
p12,0.364,0,0.136,0,0,Up,NEUTRAL,10:28:04
p12,0.227,0,0.007,0,0,Up,NEUTRAL,10:28:06
p12,0.438,0,0.014,0,0,Down,NEUTRAL,10:28:08
p12,0.429,0,0.001,0,0,Down,NEUTRAL,10:28:10
p12,0.383,0,0.001,0,0,Down,NEUTRAL,10:28:12
p12,0.541,0,0.313,0,0,Left,NEUTRAL,10:28:14
p12,0.338,0,0.222,0,0,Down,NEUTRAL,10:28:16
p12,0.413,0,0.003,0,0,Down,NEUTRAL,10:28:18
p12,0.406,0,0.003,0,0,Down,NEUTRAL,10:28:20
p12,0.36,2,0.008,0,0,Down,NEUTRAL,10:28:22
p12,0.15,3,0.002,0,0.58,Down,TIRED,10:28:25
p12,0.354,4,0.001,0,0,Down,NEUTRAL,10:28:27
p12,0.398,4,0.003,0,0,Down,NEUTRAL,10:28:29
p12,0.409,4,0.002,0,0,Down,NEUTRAL,10:28:31
p12,0.346,4,0.394,0,0,Down,NEUTRAL,10:28:33
p12,0.82,4,0.091,0,0,Left,NEUTRAL,10:28:35
p12,0.397,4,0.209,0,0,Down,NEUTRAL,10:28:37
p12,0.351,4,0.43,0,0,Down,HAPPY,10:28:39
p12,0.387,4,0.003,0,0,Down,NEUTRAL,10:28:41
p12,0.389,4,0.376,0,0,Down,NEUTRAL,10:28:43
p12,0.469,4,0.001,0,0,Down,NEUTRAL,10:28:45
p12,0.512,4,0.002,0,0,Down,NEUTRAL,10:28:47
p12,0.426,4,0.003,0,0,Down,NEUTRAL,10:28:49
p12,0.424,4,0.321,0,0,Down,NEUTRAL,10:28:51
p12,0.357,4,0.645,1,0,Down,NEUTRAL,10:28:53
p12,0.413,4,0.257,2,0,Down,NEUTRAL,10:28:55
p12,0.404,4,0.019,2,0,Down,NEUTRAL,10:28:57
p12,0.326,4,0.078,2,0,Down,NEUTRAL,10:28:59
p12,0.335,4,0.008,2,0,Down,NEUTRAL,10:29:01
pp13,0.378,0,0.003,0,0,Down,NEUTRAL,10:29:48
pp13,0.426,0,0.016,0,0,Down,NEUTRAL,10:29:50
pp13,0.393,3,1.383,0,0,Down,SURPRISED,10:29:52
pp13,0.461,3,1.414,0,0,Down,SURPRISED,10:29:54
pp13,0.375,5,0.27,1,0,Down,NEUTRAL,10:29:56
pp13,0.079,9,0.008,1,0.1,Down,TIRED,10:29:58
pp13,0.827,13,0.014,1,0,Left,NEUTRAL,10:30:00
pp13,0.373,13,0.062,1,0,Left,NEUTRAL,10:30:02
pp13,0.071,13,0.001,1,1.94,Down,TIRED,10:30:04
pp13,0.523,14,0.005,1,0,Down,NEUTRAL,10:30:06
pp13,0.536,14,0.004,1,0,Down,NEUTRAL,10:30:08
pp13,0.424,15,0.005,1,0,Down,NEUTRAL,10:30:10
pp13,0.368,17,0.163,1,0,Down,NEUTRAL,10:30:12
pp13,0.402,17,0.364,2,0,Down,NEUTRAL,10:30:14
pp13,0.518,17,0.011,2,0,Down,NEUTRAL,10:30:16
pp13,0.532,17,0.007,2,0,Down,NEUTRAL,10:30:18
pp13,0.502,17,0.003,2,0,Down,NEUTRAL,10:30:20
pp13,0.532,17,0.003,2,0,Down,NEUTRAL,10:30:22
pp13,0.078,17,0.003,2,1.72,Down,TIRED,10:30:24
pp13,0.065,17,0.762,2,3.74,Down,TIRED,10:30:26
pp13,0.059,17,1.355,2,5.75,Down,TIRED,10:30:28
pp13,0.328,18,1.37,2,0,Down,SURPRISED,10:30:30
pp13,0.342,20,0.006,3,0,Down,NEUTRAL,10:30:32
pp13,0.398,20,0.505,3,0,Down,HAPPY,10:30:34
pp13,0.286,20,0.389,3,0,Down,NEUTRAL,10:30:36
p14,0.302,0,0.067,0,0,Down,NEUTRAL,10:33:32
p14,0.316,0,0.025,0,0,Down,NEUTRAL,10:33:34
p14,0.343,0,0.014,0,0,Down,NEUTRAL,10:34:15
p14,0.298,0,0.075,0,0,Down,NEUTRAL,10:34:17
p14,0.328,0,0.015,0,0,Down,NEUTRAL,10:34:19
p14,0.248,0,0.005,0,0,Down,NEUTRAL,10:34:21
p14,0.34,1,0.382,0,0,Down,NEUTRAL,10:34:23
p14,0.51,1,0.048,0,0,Right,NEUTRAL,10:34:25
p14,0.331,3,0.006,0,0,Down,NEUTRAL,10:34:27
p14,0.496,4,0.441,0,0,Right,HAPPY,10:34:29
p14,0.259,7,0.278,1,0,Down,NEUTRAL,10:34:31
p14,0.311,7,0.004,1,0,Down,NEUTRAL,10:34:33
p14,0.324,7,0.004,1,0,Down,NEUTRAL,10:34:35
p14,0.312,8,0.174,1,0,Down,NEUTRAL,10:34:37
p14,0.257,8,0.275,1,0,Down,NEUTRAL,10:34:39
p14,0.241,8,0.01,1,0,Down,NEUTRAL,10:34:41
p14,0.38,8,0.006,1,0,Down,NEUTRAL,10:34:43
p14,0.436,11,0.005,1,0,Down,NEUTRAL,10:34:45
p14,0.311,12,0.157,1,0,Down,NEUTRAL,10:34:47
p14,0.314,12,0.242,1,0,Down,NEUTRAL,10:34:50
p14,0.64,12,0.809,1,0,Right,SURPRISED,10:34:52
p14,0.319,12,0.002,2,0,Down,NEUTRAL,10:34:54
p14,0.316,12,0.007,2,0,Down,NEUTRAL,10:34:56
p14,0.374,13,0.003,2,0,Down,NEUTRAL,10:34:58
p14,0.625,13,0.582,3,0,Right,NEUTRAL,10:35:00
p14,0.311,14,0.033,6,0,Down,NEUTRAL,10:35:02
p14,0.366,14,0.004,6,0,Down,NEUTRAL,10:35:04
p14,0.408,16,0.373,6,0,Down,NEUTRAL,10:35:06
p14,0.305,17,0.293,8,0,Down,NEUTRAL,10:35:08
p14,0.312,18,0.013,8,0,Right,NEUTRAL,10:35:10
p14,0.281,18,0.111,8,0,Down,NEUTRAL,10:35:12
p14,0.316,18,0.004,8,0,Down,NEUTRAL,10:35:14
p14,0.331,19,0.279,8,0,Down,NEUTRAL,10:35:16
p14,0.286,19,0.308,8,0,Down,NEUTRAL,10:35:18
p15,0.309,0,0.432,0,0,Down,HAPPY,10:46:02
p15,0.249,2,0.354,0,0,Right,NEUTRAL,10:46:04
p15,0.304,3,0.004,0,0,Down,NEUTRAL,10:46:06
p15,0.328,3,0.007,0,0,Down,NEUTRAL,10:46:08
p15,0.282,3,0.004,0,0,Down,NEUTRAL,10:46:10
p15,0.328,4,0.001,0,0,Down,NEUTRAL,10:46:12
p15,0.376,5,0.005,0,0,Down,NEUTRAL,10:46:14
p15,0.397,5,0.008,0,0,Down,NEUTRAL,10:46:16
p15,0.381,5,0.297,0,0,Down,NEUTRAL,10:46:18
p15,0.381,5,0.002,0,0,Down,NEUTRAL,10:46:20
p15,0.332,5,0.003,0,0,Down,NEUTRAL,10:46:22
p15,0.354,6,0.003,0,0,Down,NEUTRAL,10:46:24
p15,0.375,7,0.013,0,0,Down,NEUTRAL,10:46:26
p15,0.289,11,0.088,0,0,Down,NEUTRAL,10:46:28
p15,0.299,12,0.256,2,0,Down,NEUTRAL,10:46:30
p15,0.303,14,0.294,2,0,Down,NEUTRAL,10:46:32
p15,0.223,15,0.815,2,0,Down,SURPRISED,10:46:34
p15,0.353,15,0.264,3,0,Down,NEUTRAL,10:46:36
p15,0.351,17,0.019,3,0,Down,NEUTRAL,10:46:38
p15,0.299,17,0.228,3,0,Down,NEUTRAL,10:46:41
p15,0.363,17,0.004,3,0,Down,NEUTRAL,10:46:43
p15,0.337,19,0.252,4,0,Down,NEUTRAL,10:46:45
p15,0.384,21,0.006,4,0,Down,NEUTRAL,10:46:47
p15,0.395,21,0.223,4,0,Down,NEUTRAL,10:46:49
p15,0.429,21,0.011,4,0,Down,NEUTRAL,10:46:51
p15,0.302,22,0.006,4,0,Down,NEUTRAL,10:46:53
p15,0.388,22,0.001,4,0,Down,NEUTRAL,10:46:55
p15,0.064,23,0.004,4,1.38,Down,TIRED,10:46:57
p15,0.433,24,0.093,4,0,Down,NEUTRAL,10:46:59
p15,0.645,26,0.37,4,0,Right,NEUTRAL,10:47:01
p15,0.495,27,0.43,5,0,Down,HAPPY,10:47:03
p15,0.352,28,0.394,6,0,Down,NEUTRAL,10:47:05
p15,0.306,29,0.238,6,0,Down,NEUTRAL,10:47:07
p15,0.316,31,0.24,6,0,Down,NEUTRAL,10:47:09
p15,0.458,32,0.002,6,0,Down,NEUTRAL,10:47:11
p15,0.401,33,0.274,6,0,Down,NEUTRAL,10:47:13
p15,0.336,33,0.002,6,0,Down,NEUTRAL,10:47:15
p15,0.365,33,0.002,6,0,Down,NEUTRAL,10:47:17
p16,0.425,0,0.014,0,0,Down,NEUTRAL,10:47:49
p16,0.295,0,0.003,0,0,Down,NEUTRAL,10:47:51
p16,0.328,1,0.185,0,0,Down,NEUTRAL,10:47:53
p16,0.208,4,0.283,0,0,Down,BLINK_DETECTED,10:47:55
p16,0.372,7,0.144,0,0,Down,NEUTRAL,10:47:57
p16,0.415,8,0.002,0,0,Down,NEUTRAL,10:47:59
p16,0.43,9,0.002,0,0,Down,NEUTRAL,10:48:01
p16,0.401,12,0.003,0,0,Down,NEUTRAL,10:48:03
p16,0.265,12,0.246,0,0,Down,NEUTRAL,10:48:05
p16,0.339,15,0.189,0,0,Down,NEUTRAL,10:48:07
p16,0.066,16,0.003,0,0.61,Down,TIRED,10:48:09
p16,0.061,16,0.003,0,2.61,Down,TIRED,10:48:11
p16,0.064,16,0.002,0,4.64,Down,TIRED,10:48:13
p16,0.058,16,0.002,0,6.65,Down,TIRED,10:48:15
p16,0.396,18,0.006,0,0,Down,NEUTRAL,10:48:17
p16,0.07,19,0.002,0,0.07,Down,TIRED,10:48:19
p16,0.361,21,0.304,0,0,Down,NEUTRAL,10:48:21
p16,0.642,21,0.021,0,0,Left,NEUTRAL,10:48:23
p16,0.123,21,0.279,1,0.26,Down,TIRED,10:48:25
p16,0.261,23,0.141,1,0,Up,NEUTRAL,10:48:28
p16,0.238,30,0.245,1,0,Down,NEUTRAL,10:48:30
p16,0.354,31,0.001,1,0,Down,NEUTRAL,10:48:32
p16,0.371,34,0.002,1,0,Down,NEUTRAL,10:48:34
p16,0.538,35,0.598,2,0,Left,NEUTRAL,10:48:36
p16,0.271,38,0.278,2,0,Down,NEUTRAL,10:48:38
p16,0.424,39,0.002,2,0,Down,NEUTRAL,10:48:40
p16,0.557,40,0.529,2,0,Left,HAPPY,10:48:42
p16,0.161,43,0.168,3,0.26,Down,TIRED,10:48:44
p16,0.261,45,0.188,3,0,Down,NEUTRAL,10:48:46
p16,0.274,47,0.144,3,0,Down,NEUTRAL,10:48:48
p17,0.378,0,0.056,0,0,Down,NEUTRAL,10:49:25
p17,0.368,0,0.003,0,0,Down,NEUTRAL,10:49:27
p17,0.505,0,0.297,4,0,Down,NEUTRAL,10:49:29
p17,0.317,1,0.004,4,0,Down,NEUTRAL,10:49:31
p17,0.37,4,0.002,4,0,Down,NEUTRAL,10:49:33
p17,0.34,4,0.003,4,0,Down,NEUTRAL,10:49:35
p17,0.414,4,0.047,4,0,Down,NEUTRAL,10:49:37
p17,0.385,4,0.005,4,0,Down,NEUTRAL,10:49:39
p17,0.37,7,0.002,4,0,Down,NEUTRAL,10:49:41
p17,0.392,8,0.002,4,0,Down,NEUTRAL,10:49:43
p17,0.382,9,0.002,4,0,Down,NEUTRAL,10:49:45
p17,0.049,9,0.002,4,0.34,Down,TIRED,10:49:47
p17,0.065,9,0.002,4,2.34,Down,TIRED,10:49:49
p17,0.052,9,0.002,4,4.37,Down,TIRED,10:49:51
p17,0.393,10,0.005,4,0,Down,NEUTRAL,10:49:53
p17,0.394,12,0.487,6,0,Down,HAPPY,10:49:55
p17,0.372,12,0.28,6,0,Down,NEUTRAL,10:49:57
p17,0.354,13,0.844,6,0,Down,SURPRISED,10:49:59
p17,0.371,13,0.178,7,0,Down,NEUTRAL,10:50:01
p17,0.369,14,0.149,7,0,Down,NEUTRAL,10:50:03
p17,0.31,14,0.028,7,0,Down,NEUTRAL,10:50:05
p17,0.362,14,0.268,7,0,Down,NEUTRAL,10:50:07
p17,0.315,14,0.288,7,0,Down,NEUTRAL,10:50:09
p17,0.398,15,0.01,7,0,Down,NEUTRAL,10:50:11
p17,0.38,15,0.004,7,0,Down,NEUTRAL,10:50:13
p17,0.321,17,0.157,7,0,Down,NEUTRAL,10:50:15
p17,0.34,17,0.102,7,0,Down,NEUTRAL,10:50:17
p17,0.374,18,0.009,7,0,Down,NEUTRAL,10:50:19
p17,0.375,18,0.002,7,0,Down,NEUTRAL,10:50:21
p17,0.405,18,0.003,7,0,Down,NEUTRAL,10:50:23
p17,0.409,18,0.164,7,0,Down,NEUTRAL,10:50:25
p17,0.389,19,0.308,7,0,Down,NEUTRAL,10:50:27
p17,0.411,19,0.006,7,0,Down,NEUTRAL,10:50:29
p17,0.412,21,0.004,7,0,Down,NEUTRAL,10:50:31
p17,0.296,22,0.004,7,0,Down,NEUTRAL,10:50:33
p17,0.414,23,0.003,7,0,Down,NEUTRAL,10:50:35
p17,0.372,23,0.003,7,0,Down,NEUTRAL,10:50:37
p18,0.369,0,0.003,0,0,Down,NEUTRAL,10:51:49
p18,0.334,0,0.007,0,0,Down,NEUTRAL,10:51:51
p18,0.409,1,0.018,0,0,Down,NEUTRAL,10:51:53
p18,0.385,1,0.176,0,0,Down,NEUTRAL,10:51:55
p18,0.475,1,0.004,0,0,Down,NEUTRAL,10:51:57
p18,0.43,1,0.001,0,0,Down,NEUTRAL,10:51:59
p18,0.39,3,0.01,0,0,Down,NEUTRAL,10:52:01
p18,0.358,3,0.351,0,0,Down,NEUTRAL,10:52:03
p18,0.326,6,0.001,0,0,Down,NEUTRAL,10:52:05
p18,0.379,7,0.005,0,0,Down,NEUTRAL,10:52:07
p18,0.36,7,0.005,0,0,Down,NEUTRAL,10:52:09
p18,0.397,7,0.006,0,0,Down,NEUTRAL,10:52:11
p18,0.343,8,0.002,0,0,Down,NEUTRAL,10:52:13
p18,0.354,8,0.004,0,0,Down,NEUTRAL,10:52:15
p18,0.341,8,0.003,0,0,Down,NEUTRAL,10:52:17
p18,0.418,8,0.004,0,0,Down,NEUTRAL,10:52:19
p18,0.369,8,0.425,0,0,Down,HAPPY,10:52:21
p18,0.356,8,0.011,1,0,Down,NEUTRAL,10:52:23
p18,0.338,10,0.002,1,0,Down,NEUTRAL,10:52:25
p18,0.321,10,0.002,1,0,Down,NEUTRAL,10:52:27
p18,0.391,12,0.002,1,0,Down,NEUTRAL,10:52:29
p18,0.379,14,0.001,1,0,Down,NEUTRAL,10:52:31
p18,0.263,14,0.002,1,0,Down,NEUTRAL,10:52:33
p18,0.442,15,0.002,1,0,Down,NEUTRAL,10:52:35
p18,0.366,15,0.013,1,0,Down,NEUTRAL,10:52:37
p18,0.32,15,0.232,1,0,Down,NEUTRAL,10:52:39
p18,0.313,15,0.004,1,0,Down,NEUTRAL,10:52:42
p18,0.434,16,0.026,1,0,Right,NEUTRAL,10:52:44
p18,0.344,16,0.005,1,0,Down,NEUTRAL,10:52:46
p19,0.382,0,0.005,0,0,Down,NEUTRAL,10:53:56
p19,0.356,0,0.026,0,0,Down,NEUTRAL,10:53:58
p19,0.635,1,0.48,0,0,Left,HAPPY,10:54:00
p19,0.419,1,0.127,0,0,Down,NEUTRAL,10:54:02
p19,0.344,3,0.013,0,0,Down,NEUTRAL,10:54:04
p19,0.073,3,0.013,0,0.64,Down,TIRED,10:54:06
p19,0.24,4,0.043,0,0,Down,NEUTRAL,10:54:09
p19,0.408,7,0.011,0,0,Down,NEUTRAL,10:54:11
p19,0.367,8,0.046,2,0,Down,NEUTRAL,10:54:13
p19,0.369,9,0.006,2,0,Forward,NEUTRAL,10:54:15
p19,0.388,9,0.001,3,0,Down,NEUTRAL,10:54:17
p19,0.386,10,0.179,3,0,Down,NEUTRAL,10:54:19
p19,0.35,10,0.105,8,0,Down,NEUTRAL,10:54:21
p19,0.181,12,0.15,8,0.33,Up,ANGRY,10:54:23
p19,0.369,13,0.007,8,0,Down,NEUTRAL,10:54:25
p19,0.768,14,0.014,8,0,Left,NEUTRAL,10:54:28
p19,0.407,14,0.003,8,0,Down,NEUTRAL,10:54:30
p19,0.363,15,0.151,8,0,Down,NEUTRAL,10:54:32
p19,0.201,16,0.01,8,0,Down,ANGRY,10:54:34
p19,0.33,20,0.004,8,0,Down,NEUTRAL,10:54:36
p19,0.369,20,0.068,8,0,Down,NEUTRAL,10:54:38
p20,0.294,0,0.05,0,0,Down,NEUTRAL,10:55:27
p20,0.339,1,0.41,0,0,Down,HAPPY,10:55:29
p20,0.339,3,0.004,0,0,Down,NEUTRAL,10:55:31
p20,0.334,4,0.294,1,0,Down,NEUTRAL,10:55:33
p20,0.357,4,0.291,1,0,Down,NEUTRAL,10:55:35
p20,0.36,4,0.294,1,0,Down,NEUTRAL,10:55:37
p20,0.525,4,0.743,2,0,Right,SURPRISED,10:55:39
p20,0.356,7,0.296,3,0,Down,NEUTRAL,10:55:41
p20,0.118,10,0.293,3,0.0,Down,TIRED,10:55:43
p20,0.3,11,0.561,3,0,Down,NEUTRAL,10:55:45
p20,0.258,13,0.293,4,0,Down,NEUTRAL,10:55:47
p20,0.531,15,0.53,4,0,Down,HAPPY,10:55:49
p20,0.326,16,0.003,4,0,Down,NEUTRAL,10:55:51
p20,0.275,17,0.045,4,0,Down,NEUTRAL,10:55:53
p20,0.327,18,0.309,4,0,Down,NEUTRAL,10:55:55
p20,0.298,19,0.028,4,0,Down,NEUTRAL,10:55:59
p20,0.392,19,0.275,4,0,Down,NEUTRAL,10:56:01
p21,0.33,0,0.182,0,0,Down,NEUTRAL,10:57:00
p21,0.466,1,0.022,0,0,Left,NEUTRAL,10:57:02
p21,0.36,2,0.003,0,0,Down,NEUTRAL,10:57:04
p21,0.412,2,0.225,0,0,Down,NEUTRAL,10:57:06
p21,0.382,3,0.001,0,0,Down,NEUTRAL,10:57:08
p21,0.379,3,0.002,0,0,Down,NEUTRAL,10:57:11
p21,0.33,4,0.002,0,0,Down,BLINK_DETECTED,10:57:13
p21,0.358,4,0.029,0,0,Down,NEUTRAL,10:57:15
p21,0.377,4,0.001,0,0,Down,NEUTRAL,10:57:17
p21,0.338,4,0.001,0,0,Down,NEUTRAL,10:57:19
p21,0.348,4,0.001,0,0,Down,NEUTRAL,10:57:21
p21,0.63,6,0.018,0,0,Left,NEUTRAL,10:57:23
p21,0.363,6,0.005,0,0,Down,NEUTRAL,10:57:25
p21,0.363,6,0.263,0,0,Down,NEUTRAL,10:57:27
p21,0.32,6,0.726,1,0,Down,SURPRISED,10:57:29
p21,0.299,6,0.287,2,0,Down,NEUTRAL,10:57:31
p21,0.348,6,0.002,2,0,Down,NEUTRAL,10:57:33
p21,0.27,7,0.002,5,0,Down,NEUTRAL,10:57:35
p21,0.343,7,0.249,6,0,Down,NEUTRAL,10:57:37
p22,0.409,0,0.075,0,0,Up,NEUTRAL,10:58:06
p22,0.325,1,0.256,0,0,Up,NEUTRAL,10:58:08
p22,0.398,1,0.005,0,0,Down,NEUTRAL,10:58:10
p22,0.365,2,0.077,0,0,Down,NEUTRAL,10:58:12
p22,0.356,2,0.063,0,0,Down,NEUTRAL,10:58:14
p22,0.353,2,0.028,0,0,Down,NEUTRAL,10:58:16
p22,0.302,5,0.285,0,0,Down,NEUTRAL,10:58:18
p22,0.306,5,0.245,0,0,Down,NEUTRAL,10:58:20
p22,0.353,6,0.418,0,0,Down,HAPPY,10:58:22
p22,0.358,7,0.165,0,0,Down,NEUTRAL,10:58:25
p22,0.383,7,0.001,0,0,Down,NEUTRAL,10:58:27
p22,0.359,7,0.003,0,0,Down,NEUTRAL,10:58:29
p22,0.385,7,0.003,0,0,Down,NEUTRAL,10:58:31
p22,0.44,8,0.004,0,0,Left,NEUTRAL,10:58:33
p22,0.365,9,0.225,0,0,Down,NEUTRAL,10:58:35
p22,0.348,9,0.002,0,0,Down,NEUTRAL,10:58:37
p22,0.388,9,0.003,0,0,Down,NEUTRAL,10:58:39
p22,0.143,10,0.302,1,0.0,Right,TIRED,10:58:41
p22,0.312,11,0.004,1,0,Down,NEUTRAL,10:58:43
p22,0.312,11,0.289,1,0,Down,NEUTRAL,10:58:45
p22,0.345,11,0.271,1,0,Down,NEUTRAL,10:58:47
p22,0.322,14,0.234,1,0,Down,NEUTRAL,10:58:49
p22,0.298,19,0.206,1,0,Down,NEUTRAL,10:58:51
p22,0.304,22,0.358,1,0,Down,NEUTRAL,10:58:53
p22,0.17,25,0.29,1,0.0,Down,TIRED,10:58:55
p22,0.36,27,0.287,1,0,Down,NEUTRAL,10:58:57
p22,0.133,28,0.244,1,0.08,Down,TIRED,10:58:59
p22,0.316,32,0.179,1,0,Down,NEUTRAL,10:59:01
p22,0.312,34,0.207,1,0,Down,NEUTRAL,10:59:03
p22,0.298,38,0.261,1,0,Down,NEUTRAL,10:59:05
p22,0.324,38,0.122,1,0,Down,NEUTRAL,10:59:07
p23,0.331,0,0.001,0,0,Down,NEUTRAL,10:59:36
p23,0.346,0,0.209,0,0,Down,NEUTRAL,10:59:39
p23,0.325,0,0.009,0,0,Up,NEUTRAL,10:59:41
p23,0.28,1,0.01,0,0,Up,NEUTRAL,10:59:43
p23,0.386,2,0.003,0,0,Down,NEUTRAL,10:59:45
p23,0.343,2,0.002,0,0,Down,NEUTRAL,10:59:47
p23,0.348,2,0.255,0,0,Down,NEUTRAL,10:59:49
p23,0.288,4,0.219,0,0,Down,NEUTRAL,10:59:51
p23,0.328,4,0.002,0,0,Down,NEUTRAL,10:59:53
p23,0.337,4,0.18,0,0,Down,NEUTRAL,10:59:55
p23,0.366,5,0.002,1,0,Down,NEUTRAL,10:59:57
p23,0.336,5,0.001,1,0,Down,NEUTRAL,10:59:59
p23,0.337,5,0.0,1,0,Down,NEUTRAL,11:00:01
p23,0.328,5,0.003,1,0,Down,NEUTRAL,11:00:03
p23,0.377,6,0.002,1,0,Down,NEUTRAL,11:00:05
p23,0.376,6,0.001,1,0,Down,NEUTRAL,11:00:07
p23,0.343,7,0.002,1,0,Down,NEUTRAL,11:00:09
p23,0.415,7,0.003,1,0,Down,NEUTRAL,11:00:11
p23,0.37,9,0.002,1,0,Down,NEUTRAL,11:00:13
p23,0.303,9,0.003,1,0,Down,NEUTRAL,11:00:15
p23,0.327,9,0.001,2,0,Down,NEUTRAL,11:00:17
p23,0.321,9,0.07,2,0,Down,NEUTRAL,11:00:19
p23,0.33,9,0.002,2,0,Down,NEUTRAL,11:00:21
p23,0.371,9,0.463,3,0,Down,HAPPY,11:00:23
p23,0.332,9,0.004,3,0,Down,NEUTRAL,11:00:25
p23,0.345,9,0.003,3,0,Down,NEUTRAL,11:00:27
p23,0.344,10,0.208,3,0,Down,NEUTRAL,11:00:29
p23,0.256,12,0.011,3,0,Forward,NEUTRAL,11:00:31
p23,0.308,12,0.355,3,0,Up,NEUTRAL,11:00:34
p23,0.281,12,0.002,3,0,Up,NEUTRAL,11:00:36
p24,0.049,0,0.004,0,0.0,Down,TIRED,11:01:16
p24,0.434,1,0.0,0,0,Down,NEUTRAL,11:01:18
p24,0.362,1,0.1,0,0,Down,NEUTRAL,11:01:20
p24,0.323,1,0.236,0,0,Down,NEUTRAL,11:01:22
p24,0.335,2,0.244,0,0,Down,NEUTRAL,11:01:24
p24,0.312,4,0.21,0,0,Down,NEUTRAL,11:01:26
p24,0.336,6,0.001,0,0,Down,NEUTRAL,11:01:28
p24,0.317,7,0.248,0,0,Down,NEUTRAL,11:01:30
p24,0.326,9,0.234,0,0,Down,NEUTRAL,11:01:32
p24,0.357,9,0.195,0,0,Down,NEUTRAL,11:01:34
p24,0.411,9,0.286,0,0,Down,NEUTRAL,11:01:36
p24,0.415,11,0.434,0,0,Right,BLINK_DETECTED,11:01:38
p24,0.336,12,0.004,6,0,Down,NEUTRAL,11:01:40
p24,0.381,12,0.005,6,0,Down,NEUTRAL,11:01:42
p24,0.375,12,0.004,6,0,Down,NEUTRAL,11:01:44
p24,0.363,13,0.011,6,0,Down,NEUTRAL,11:01:47
p24,0.295,14,0.002,6,0,Down,NEUTRAL,11:01:49
p24,0.399,14,0.204,6,0,Down,NEUTRAL,11:01:51
p24,0.342,14,0.234,6,0,Down,NEUTRAL,11:01:53
p24,0.287,17,0.26,6,0,Down,NEUTRAL,11:01:55
p24,0.347,18,0.002,6,0,Down,NEUTRAL,11:01:57
p24,0.363,18,0.227,6,0,Down,NEUTRAL,11:01:59
p24,0.361,18,0.229,6,0,Down,NEUTRAL,11:02:01
p24,0.38,18,0.263,6,0,Down,NEUTRAL,11:02:03
p24,0.336,20,0.008,6,0,Down,NEUTRAL,11:02:05
p24,0.317,20,0.001,6,0,Down,NEUTRAL,11:02:07
p24,0.541,22,0.353,6,0,Right,NEUTRAL,11:02:09
p24,0.287,24,0.229,6,0,Down,NEUTRAL,11:02:11
p24,0.293,24,0.186,6,0,Down,NEUTRAL,11:02:13
p25,0.479,0,0.031,0,0,Up,NEUTRAL,11:02:56
p25,0.436,0,0.309,0,0,Down,NEUTRAL,11:02:58
p25,0.405,0,0.056,0,0,Down,NEUTRAL,11:03:00
p25,0.445,0,0.017,0,0,Up,NEUTRAL,11:03:02
p25,0.446,0,0.041,0,0,Down,NEUTRAL,11:03:04
p25,0.459,0,0.043,0,0,Down,NEUTRAL,11:03:06
p25,0.136,0,0.007,0,0.0,Down,TIRED,11:03:08
p25,0.509,2,0.015,0,0,Down,NEUTRAL,11:03:10
p25,0.435,3,0.067,0,0,Down,NEUTRAL,11:03:12
p25,0.469,3,0.008,0,0,Down,NEUTRAL,11:03:14
p25,0.571,3,0.007,0,0,Down,NEUTRAL,11:03:16
p25,0.181,5,0.003,0,0.11,Down,ANGRY,11:03:18
p25,0.542,6,0.0,0,0,Down,NEUTRAL,11:03:20
p25,0.462,6,0.168,0,0,Down,NEUTRAL,11:03:22
p25,0.433,6,0.249,0,0,Down,NEUTRAL,11:03:25
p25,0.483,7,0.08,0,0,Down,NEUTRAL,11:03:27
p25,0.343,7,0.001,0,0,Down,NEUTRAL,11:03:29
p25,0.231,7,0.004,0,0,Down,NEUTRAL,11:03:31
p25,0.411,9,0.079,0,0,Down,NEUTRAL,11:03:33
p25,0.454,9,0.005,0,0,Down,NEUTRAL,11:03:35
p25,0.45,9,0.01,0,0,Down,NEUTRAL,11:03:37
p25,0.478,9,0.006,0,0,Down,NEUTRAL,11:03:39
p25,0.409,9,0.343,1,0,Down,NEUTRAL,11:03:41
p25,0.343,9,0.288,1,0,Down,NEUTRAL,11:03:43
p25,0.38,9,0.256,1,0,Down,NEUTRAL,11:03:45
p26,0.368,0,0.278,0,0,Down,NEUTRAL,11:04:19
p26,0.357,0,0.276,0,0,Down,NEUTRAL,11:04:21
p26,0.183,1,0.002,0,0.08,Down,ANGRY,11:04:23
p26,0.38,2,0.061,0,0,Down,NEUTRAL,11:04:25
p26,0.396,3,0.045,0,0,Down,NEUTRAL,11:04:27
p26,0.388,3,0.233,0,0,Down,NEUTRAL,11:04:29
p26,0.409,4,0.006,0,0,Down,NEUTRAL,11:04:31
p26,0.402,5,0.01,0,0,Down,NEUTRAL,11:04:33
p26,0.417,6,0.053,0,0,Down,NEUTRAL,11:04:35
p26,0.112,6,0.035,0,0.06,Down,TIRED,11:04:37
p26,0.384,7,0.053,0,0,Down,NEUTRAL,11:04:39
p26,0.703,9,0.85,0,0,Right,SURPRISED,11:04:41
p26,0.367,11,0.291,2,0,Down,NEUTRAL,11:04:43
p26,0.384,12,0.008,2,0,Down,NEUTRAL,11:04:45
p26,0.368,13,0.016,2,0,Down,NEUTRAL,11:04:48
p26,0.393,13,0.052,2,0,Down,NEUTRAL,11:04:50
p26,0.411,14,0.026,2,0,Down,NEUTRAL,11:04:52
p26,0.408,15,0.007,2,0,Down,NEUTRAL,11:04:54
p26,0.391,16,0.035,2,0,Down,NEUTRAL,11:04:56
p26,0.483,18,0.016,2,0,Down,NEUTRAL,11:04:58
p26,0.229,20,0.249,2,0,Left,NEUTRAL,11:05:00
p26,0.365,23,0.352,2,0,Down,NEUTRAL,11:05:02
p26,0.366,24,0.01,2,0,Down,NEUTRAL,11:05:04
p26,0.405,24,0.017,2,0,Down,NEUTRAL,11:05:06
p26,0.477,25,0.161,2,0,Down,NEUTRAL,11:05:08
p26,0.216,25,0.129,2,0,Down,ANGRY,11:05:10
p26,0.34,25,0.016,2,0,Down,NEUTRAL,11:05:12
p26,0.255,0,0.382,0,0,Up,NEUTRAL,11:05:30
p26,0.247,1,0.45,1,0,Down,HAPPY,11:05:32
p26,0.356,3,0.34,1,0,Down,NEUTRAL,11:05:34
p26,0.309,4,0.327,1,0,Down,NEUTRAL,11:05:36
p26,0.364,5,0.005,1,0,Down,NEUTRAL,11:05:38
p26,0.399,7,0.011,1,0,Down,NEUTRAL,11:05:40
p26,0.376,9,0.195,1,0,Down,NEUTRAL,11:05:42
p26,0.168,10,0.266,1,0.0,Down,TIRED,11:05:44
p26,0.33,11,0.281,1,0,Down,NEUTRAL,11:05:46
p26,0.284,11,0.282,1,0,Down,NEUTRAL,11:05:48
p26,0.463,13,0.329,1,0,Down,NEUTRAL,11:05:50
p26,0.221,16,0.309,1,0,Down,BLINK_DETECTED,11:05:52
p26,0.381,17,0.009,1,0,Down,NEUTRAL,11:05:54
p26,0.368,19,0.412,1,0,Down,HAPPY,11:05:56
p26,0.339,21,0.003,1,0,Down,NEUTRAL,11:05:58
p26,0.363,23,0.302,1,0,Down,NEUTRAL,11:06:00
p26,0.275,24,0.189,1,0,Right,NEUTRAL,11:06:02
p26,0.215,26,0.314,1,0,Down,ANGRY,11:06:04
p26,0.325,28,0.223,1,0,Down,NEUTRAL,11:06:06
p26,0.38,31,0.003,1,0,Down,NEUTRAL,11:06:08
p26,0.351,32,0.005,1,0,Down,NEUTRAL,11:06:11
p26,0.25,34,0.362,1,0,Down,NEUTRAL,11:06:13
p26,0.362,35,0.383,1,0,Down,NEUTRAL,11:06:15
p27,0.349,0,0.025,0,0,Up,NEUTRAL,11:06:44
p27,0.555,2,0.013,0,0,Right,NEUTRAL,11:06:46
p27,0.35,5,0.003,0,0,Up,NEUTRAL,11:06:48
p27,0.386,6,0.15,0,0,Down,NEUTRAL,11:06:50
p27,0.273,7,0.001,0,0,Down,NEUTRAL,11:06:52
p27,0.335,8,0.008,0,0,Down,NEUTRAL,11:06:54
p27,0.315,8,0.001,0,0,Down,NEUTRAL,11:06:56
p27,0.325,8,0.002,0,0,Down,NEUTRAL,11:06:58
p27,0.27,8,0.005,0,0,Down,NEUTRAL,11:07:00
p27,0.518,10,0.222,0,0,Left,NEUTRAL,11:07:03
p27,0.314,12,0.206,0,0,Down,NEUTRAL,11:07:05
p27,0.325,13,0.22,0,0,Down,NEUTRAL,11:07:07
p27,0.328,13,0.002,0,0,Down,NEUTRAL,11:07:09
p27,0.308,13,0.043,0,0,Down,NEUTRAL,11:07:11
p27,0.153,13,0.227,0,0.07,Down,TIRED,11:07:13
p27,0.329,17,0.166,0,0,Down,NEUTRAL,11:07:15
p27,0.301,17,0.025,0,0,Down,NEUTRAL,11:07:17
p27,0.297,17,0.004,0,0,Down,NEUTRAL,11:07:19
p27,0.285,18,0.005,0,0,Down,NEUTRAL,11:07:21
p27,0.353,20,0.005,0,0,Down,NEUTRAL,11:07:23
p27,0.365,21,0.002,0,0,Up,NEUTRAL,11:07:25
p27,0.251,23,0.003,0,0,Up,BLINK_DETECTED,11:07:27
p27,0.337,25,0.465,0,0,Down,HAPPY,11:07:29
p27,0.104,27,0.001,0,0.18,Up,TIRED,11:07:31
p27,0.33,30,0.004,0,0,Down,NEUTRAL,11:07:33
p27,0.278,31,0.249,1,0,Down,NEUTRAL,11:07:35
p27,0.326,31,0.015,1,0,Down,NEUTRAL,11:07:41
p27,0.373,31,0.009,1,0,Down,NEUTRAL,11:07:43
p28,0.343,0,0.256,0,0,Down,NEUTRAL,11:08:16
p28,0.368,1,0.031,0,0,Down,NEUTRAL,11:08:18
p28,0.295,2,0.005,0,0,Down,NEUTRAL,11:08:21
p28,0.433,2,0.023,0,0,Left,NEUTRAL,11:08:23
p28,0.381,2,0.015,0,0,Up,NEUTRAL,11:08:25
p28,0.476,2,0.001,0,0,Down,NEUTRAL,11:08:27
p28,0.328,4,0.002,0,0,Down,NEUTRAL,11:08:29
p28,0.321,6,0.012,0,0,Down,NEUTRAL,11:08:31
p28,0.326,6,0.006,0,0,Down,NEUTRAL,11:08:33
p28,0.54,7,0.006,0,0,Left,NEUTRAL,11:08:35
p28,0.343,8,0.004,0,0,Up,NEUTRAL,11:08:37
p28,0.651,9,0.011,0,0,Left,NEUTRAL,11:08:39
p28,0.32,9,0.231,0,0,Down,NEUTRAL,11:08:41
p28,0.302,9,0.007,0,0,Down,NEUTRAL,11:08:43
p28,0.422,11,0.002,0,0,Up,NEUTRAL,11:08:45
p28,0.187,12,0.009,0,0.08,Right,ANGRY,11:08:47
p28,0.318,14,0.167,0,0,Down,NEUTRAL,11:08:49
p28,0.349,15,0.256,0,0,Down,NEUTRAL,11:08:51
p28,0.641,16,0.008,0,0,Left,NEUTRAL,11:08:53
p28,0.354,16,0.006,0,0,Down,NEUTRAL,11:08:55
p28,0.294,16,0.006,0,0,Up,NEUTRAL,11:08:57
p28,0.413,16,0.003,1,0,Down,NEUTRAL,11:08:59
p28,0.517,16,0.376,1,0,Left,NEUTRAL,11:09:01
p28,0.343,16,0.181,1,0,Down,NEUTRAL,11:09:03
p29,0.316,0,0.003,0,0,Down,NEUTRAL,11:09:16
p29,0.369,0,0.005,0,0,Down,NEUTRAL,11:09:18
p29,0.605,0,0.192,3,0,Right,NEUTRAL,11:09:20
p29,0.252,0,0.022,3,0,Up,NEUTRAL,11:09:22
p29,0.391,0,0.236,3,0,Up,NEUTRAL,11:09:24
p29,0.273,0,0.005,3,0,Up,NEUTRAL,11:09:26
p29,0.388,0,0.016,3,0,Right,NEUTRAL,11:09:28
p29,0.336,0,0.059,3,0,Down,NEUTRAL,11:09:30
p29,0.715,0,0.351,3,0,Left,NEUTRAL,11:09:32
p29,0.355,0,0.24,3,0,Up,NEUTRAL,11:09:34
p29,0.367,0,0.007,3,0,Up,NEUTRAL,11:09:36
p29,0.366,0,0.271,3,0,Up,NEUTRAL,11:09:38
p29,0.344,0,0.272,3,0,Up,NEUTRAL,11:09:40
p29,0.323,1,0.384,3,0,Up,NEUTRAL,11:09:42
p29,0.348,1,0.23,3,0,Up,NEUTRAL,11:09:44
p29,0.262,1,0.376,3,0,Down,NEUTRAL,11:09:46
p29,0.328,1,0.006,3,0,Down,NEUTRAL,11:09:48
p29,0.384,2,0.172,3,0,Down,NEUTRAL,11:09:50
p29,0.326,3,0.372,5,0,Down,NEUTRAL,11:09:52
p29,0.576,4,0.365,6,0,Left,NEUTRAL,11:09:56
p29,0.312,4,0.001,6,0,Down,NEUTRAL,11:09:58
p29,0.335,4,0.07,7,0,Left,NEUTRAL,11:10:00
p29,0.36,4,0.651,7,0,Left,NEUTRAL,11:10:02
p29,0.288,4,0.317,10,0,Down,NEUTRAL,11:10:04
p29,0.586,5,0.546,10,0,Left,HAPPY,11:10:06
p29,0.193,8,0.002,10,0.0,Down,ANGRY,11:10:08
p29,0.357,9,0.003,10,0,Down,NEUTRAL,11:10:10
p30,0.343,0,0.006,0,0,Down,NEUTRAL,11:10:58
p30,0.214,0,0.002,0,0,Down,ANGRY,11:11:00
p30,0.321,1,0.002,0,0,Down,NEUTRAL,11:11:02
p30,0.335,8,0.002,0,0,Down,NEUTRAL,11:11:04
p30,0.226,10,0.001,0,0,Down,NEUTRAL,11:11:06
p30,0.36,13,0.003,0,0,Down,NEUTRAL,11:11:08
p30,0.362,13,0.001,0,0,Down,NEUTRAL,11:11:10
p30,0.381,13,0.003,0,0,Down,NEUTRAL,11:11:12
p30,0.26,14,0.201,0,0,Down,NEUTRAL,11:11:14
p30,0.482,15,0.329,1,0,Left,NEUTRAL,11:11:16
p30,0.448,17,0.016,1,0,Down,NEUTRAL,11:11:18
p30,0.374,17,0.002,1,0,Down,NEUTRAL,11:11:20
p30,0.34,17,0.001,1,0,Down,NEUTRAL,11:11:22
p30,0.358,17,0.002,1,0,Down,NEUTRAL,11:11:24
p30,0.354,17,0.004,1,0,Down,NEUTRAL,11:11:26
p30,0.407,17,0.003,1,0,Down,NEUTRAL,11:11:28
p30,0.386,17,0.003,1,0,Down,NEUTRAL,11:11:30
p30,0.327,17,0.005,1,0,Down,NEUTRAL,11:11:32
p30,0.432,18,0.419,1,0,Left,HAPPY,11:11:34
p30,0.114,19,0.003,1,0.68,Down,TIRED,11:11:36
p30,0.554,20,0.042,1,0,Right,NEUTRAL,11:11:38
p30,0.497,21,0.003,1,0,Down,NEUTRAL,11:11:40
p30,0.448,21,0.006,1,0,Down,NEUTRAL,11:11:42
p30,0.392,21,0.001,1,0,Down,NEUTRAL,11:11:44
p30,0.217,22,0.175,1,0,Down,BLINK_DETECTED,11:11:46
p30,0.323,22,0.195,1,0,Down,NEUTRAL,11:11:48
p30,0.457,23,0.679,2,0,Down,NEUTRAL,11:11:50
p30,0.287,23,0.302,3,0,Down,NEUTRAL,11:11:52
p30,0.332,23,0.06,3,0,Down,NEUTRAL,11:11:54
p30,0.367,25,0.005,3,0,Down,NEUTRAL,11:11:56
p30,0.173,32,0.001,3,0.0,Down,TIRED,11:11:58
p30,0.238,33,0.004,3,0,Down,NEUTRAL,11:12:00
p30,0.22,33,0.008,3,0,Down,NEUTRAL,11:12:02
p31,0.304,0,0.004,0,0,Down,NEUTRAL,11:12:59
p31,0.299,0,0.002,0,0,Down,NEUTRAL,11:13:01
p31,0.317,0,0.002,0,0,Down,NEUTRAL,11:13:03
p31,0.295,0,0.009,0,0,Down,NEUTRAL,11:13:05
p31,0.336,0,0.005,0,0,Down,NEUTRAL,11:13:07
p31,0.239,0,0.282,0,0,Down,NEUTRAL,11:13:09
p31,0.237,3,0.399,0,0,Down,NEUTRAL,11:13:11
p31,0.481,7,0.412,2,0,Right,HAPPY,11:13:13
p31,0.264,8,0.005,2,0,Down,NEUTRAL,11:13:15
p31,0.313,9,0.167,2,0,Down,NEUTRAL,11:13:17
p31,0.302,11,0.097,2,0,Down,NEUTRAL,11:13:19
p31,0.246,14,0.039,2,0,Down,NEUTRAL,11:13:21
p31,0.254,16,0.04,2,0,Down,NEUTRAL,11:13:23
p31,0.332,17,0.004,2,0,Down,NEUTRAL,11:13:25
p31,0.32,18,0.004,4,0,Down,NEUTRAL,11:13:27
p31,0.327,23,0.001,4,0,Down,NEUTRAL,11:13:29
p31,0.311,30,0.004,4,0,Down,NEUTRAL,11:13:31
p31,0.176,31,0.002,4,0.13,Down,TIRED,11:13:33
p31,0.335,34,0.002,4,0,Down,NEUTRAL,11:13:35
p31,0.344,36,0.0,4,0,Down,NEUTRAL,11:13:37
p31,0.327,36,0.005,4,0,Down,NEUTRAL,11:13:39
p31,0.326,37,0.183,4,0,Down,NEUTRAL,11:13:41
p31,0.316,38,0.006,4,0,Down,NEUTRAL,11:13:43
p31,0.327,38,0.031,4,0,Down,NEUTRAL,11:13:45
p31,0.139,38,0.003,4,0.33,Down,TIRED,11:13:47
p31,0.328,39,0.002,4,0,Down,NEUTRAL,11:13:49
p31,0.279,45,0.009,4,0,Down,NEUTRAL,11:13:51
p31,0.288,45,0.002,4,0,Down,NEUTRAL,11:13:53
p32,0.284,0,0.234,0,0,Down,NEUTRAL,11:14:30
p32,0.323,1,0.167,0,0,Down,NEUTRAL,11:14:32
p32,0.305,1,0.222,0,0,Down,NEUTRAL,11:14:34
p32,0.382,3,0.002,0,0,Down,NEUTRAL,11:14:36
p32,0.428,4,0.192,0,0,Left,NEUTRAL,11:14:38
p32,0.272,5,0.227,0,0,Down,NEUTRAL,11:14:40
p32,0.342,8,0.009,1,0,Down,NEUTRAL,11:14:42
p32,0.312,9,0.23,1,0,Down,NEUTRAL,11:14:44
p32,0.318,9,0.182,1,0,Down,NEUTRAL,11:14:46
p32,0.281,10,0.195,1,0,Down,NEUTRAL,11:14:48
p32,0.36,11,0.005,1,0,Down,NEUTRAL,11:14:50
p32,0.073,11,0.002,1,0.56,Down,TIRED,11:14:52
p32,0.276,13,0.239,1,0,Down,NEUTRAL,11:14:54
p32,0.166,14,0.602,4,0.0,Right,TIRED,11:14:56
p32,0.348,16,0.005,4,0,Down,NEUTRAL,11:14:58
p32,0.384,17,0.16,4,0,Down,NEUTRAL,11:15:00
p32,0.324,18,0.016,4,0,Down,NEUTRAL,11:15:02
p32,0.323,19,0.002,4,0,Down,NEUTRAL,11:15:04
p32,0.308,19,0.217,4,0,Down,NEUTRAL,11:15:06
p32,0.271,21,0.344,4,0,Down,NEUTRAL,11:15:08
p32,0.23,25,0.343,4,0,Down,NEUTRAL,11:15:10
p33,0.363,0,0.206,0,0,Down,NEUTRAL,11:16:21
p33,0.359,0,0.08,0,0,Down,NEUTRAL,11:16:23
p33,0.353,0,0.007,0,0,Down,NEUTRAL,11:16:25
p33,0.406,0,0.014,0,0,Down,NEUTRAL,11:16:27
p33,0.266,4,0.138,0,0,Down,BLINK_DETECTED,11:16:29
p33,0.427,6,0.006,0,0,Down,NEUTRAL,11:16:31
p33,0.412,6,0.005,0,0,Down,NEUTRAL,11:16:33
p33,0.391,6,0.002,0,0,Down,NEUTRAL,11:16:35
p33,0.376,7,0.005,0,0,Down,NEUTRAL,11:16:37
p33,0.411,11,0.002,0,0,Down,NEUTRAL,11:16:39
p33,0.207,12,0.003,0,0,Down,ANGRY,11:16:41
p33,0.398,12,0.013,0,0,Down,NEUTRAL,11:16:43
p33,0.404,12,0.101,0,0,Down,NEUTRAL,11:16:45
p33,0.418,12,0.007,0,0,Down,NEUTRAL,11:16:47
p33,0.403,12,0.006,0,0,Down,NEUTRAL,11:16:49
p33,0.379,13,0.005,0,0,Down,NEUTRAL,11:16:51
p33,0.398,13,0.057,0,0,Down,NEUTRAL,11:16:53
p33,0.272,14,0.033,0,0,Down,NEUTRAL,11:16:55
p33,0.381,15,0.005,0,0,Down,NEUTRAL,11:16:57
p33,0.253,17,0.027,0,0,Down,BLINK_DETECTED,11:16:59
p33,0.36,17,0.004,0,0,Down,NEUTRAL,11:17:01
p33,0.392,19,0.011,0,0,Down,NEUTRAL,11:17:03
p33,0.486,19,0.04,0,0,Down,NEUTRAL,11:17:05
p33,0.322,21,0.001,0,0,Down,NEUTRAL,11:17:07
p33,0.203,22,0.278,0,0,Down,BLINK_DETECTED,11:17:09
p33,0.362,24,0.28,0,0,Down,NEUTRAL,11:17:11
p33,0.112,24,0.011,0,0.13,Down,TIRED,11:17:13
p33,0.38,26,0.426,0,0,Down,HAPPY,11:17:15
p33,0.381,26,0.003,0,0,Down,NEUTRAL,11:17:17
p33,0.143,26,0.013,0,0.04,Down,TIRED,11:17:19
p33,0.405,27,0.676,4,0,Left,NEUTRAL,11:17:21
p33,0.381,28,0.313,6,0,Down,NEUTRAL,11:17:23
p33,0.305,28,0.328,6,0,Down,NEUTRAL,11:17:25
p33,0.351,28,0.21,6,0,Down,NEUTRAL,11:17:27
p33,0.31,28,0.425,6,0,Down,HAPPY,11:17:29
p33,0.264,30,0.135,6,0,Down,NEUTRAL,11:17:31
p33,0.369,31,0.347,6,0,Down,NEUTRAL,11:17:33
p33,0.305,31,0.001,8,0,Down,NEUTRAL,11:17:35
p34,0.338,0,0.263,0,0,Down,NEUTRAL,11:18:03
p34,0.299,0,0.006,0,0,Down,NEUTRAL,11:18:05
p34,0.299,0,0.302,0,0,Down,NEUTRAL,11:18:07
p34,0.276,0,0.416,0,0,Down,HAPPY,11:18:10
p34,0.282,1,0.361,0,0,Down,NEUTRAL,11:18:12
p34,0.319,1,0.017,0,0,Down,NEUTRAL,11:18:14
p34,0.27,1,0.299,0,0,Down,NEUTRAL,11:18:16
p34,0.315,2,0.225,0,0,Down,NEUTRAL,11:18:18
p34,0.414,3,0.084,0,0,Down,NEUTRAL,11:18:20
p34,0.322,4,0.228,0,0,Down,NEUTRAL,11:18:22
p34,0.308,4,0.313,0,0,Down,NEUTRAL,11:18:24
p34,0.239,4,0.258,2,0,Down,NEUTRAL,11:18:26
p34,0.294,5,0.033,2,0,Down,NEUTRAL,11:18:28
p34,0.289,5,0.004,2,0,Down,NEUTRAL,11:18:30
p34,0.311,6,0.028,2,0,Down,NEUTRAL,11:18:32
p34,0.318,9,0.03,2,0,Down,NEUTRAL,11:18:34
p34,0.303,10,0.003,2,0,Down,NEUTRAL,11:18:36
p34,0.119,10,0.007,2,1.34,Down,TIRED,11:18:38
p34,0.258,11,0.005,2,0,Down,NEUTRAL,11:18:40
p34,0.285,11,0.36,2,0,Down,NEUTRAL,11:18:42
p34,0.254,11,0.302,2,0,Down,NEUTRAL,11:18:44
p34,0.297,11,0.009,2,0,Down,NEUTRAL,11:18:46
p34,0.291,11,0.004,2,0,Down,NEUTRAL,11:18:48
p35,0.394,0,0.005,0,0,Down,NEUTRAL,11:19:56
p35,0.369,0,0.008,0,0,Down,NEUTRAL,11:19:58
p35,0.269,0,0.033,0,0,Down,NEUTRAL,11:20:00
p35,0.269,3,0.004,0,0,Down,NEUTRAL,11:20:02
p35,0.227,5,0.008,0,0,Down,NEUTRAL,11:20:04
p35,0.341,7,0.0,0,0,Down,NEUTRAL,11:20:06
p35,0.338,8,0.003,0,0,Down,NEUTRAL,11:20:08
p35,0.341,8,0.003,0,0,Down,NEUTRAL,11:20:10
p35,0.225,9,0.241,0,0,Down,NEUTRAL,11:20:12
p35,0.298,11,0.025,0,0,Down,NEUTRAL,11:20:14
p35,0.319,12,0.008,0,0,Down,NEUTRAL,11:20:16
p35,0.304,13,0.002,0,0,Down,NEUTRAL,11:20:18
p35,0.298,14,0.096,0,0,Down,NEUTRAL,11:20:20
p35,0.336,16,0.003,0,0,Down,NEUTRAL,11:20:22
p35,0.311,17,0.076,0,0,Down,NEUTRAL,11:20:24
p35,0.304,21,0.002,0,0,Down,NEUTRAL,11:20:27
p35,0.34,21,0.004,0,0,Down,NEUTRAL,11:20:29
p35,0.27,23,0.005,0,0,Down,NEUTRAL,11:20:31
p35,0.336,25,0.003,0,0,Down,NEUTRAL,11:20:33
p35,0.29,26,0.008,0,0,Down,NEUTRAL,11:20:35
p35,0.345,26,0.004,0,0,Down,NEUTRAL,11:20:37
p35,0.36,26,0.004,0,0,Down,NEUTRAL,11:20:39
p35,0.355,26,0.545,0,0,Down,HAPPY,11:20:41
p35,0.319,27,0.255,3,0,Down,NEUTRAL,11:20:43
p35,0.264,28,0.348,3,0,Down,NEUTRAL,11:20:45
p35,0.309,28,0.284,3,0,Down,NEUTRAL,11:20:47
p35,0.3,28,0.202,3,0,Down,NEUTRAL,11:20:49
p35,0.201,31,0.002,3,0,Down,BLINK_DETECTED,11:20:51
p35,0.318,32,0.007,3,0,Down,NEUTRAL,11:20:53
p35,0.312,32,0.128,3,0,Down,NEUTRAL,11:20:55
p36,0.385,0,0.002,0,0,Down,NEUTRAL,11:21:31
p36,0.229,0,0.043,0,0,Down,NEUTRAL,11:21:33
p36,0.331,1,0.002,0,0,Down,NEUTRAL,11:21:35
p36,0.273,1,0.004,0,0,Down,NEUTRAL,11:21:37
p36,0.193,2,0.003,0,0.09,Down,ANGRY,11:21:39
p36,0.331,6,0.005,0,0,Down,NEUTRAL,11:21:41
p36,0.427,7,0.196,0,0,Right,NEUTRAL,11:21:43
p36,0.185,7,0.042,0,1.17,Down,ANGRY,11:21:45
p36,0.257,8,0.018,0,0,Down,NEUTRAL,11:21:47
p36,0.274,8,0.024,0,0,Down,NEUTRAL,11:21:49
p36,0.282,9,0.076,0,0,Down,NEUTRAL,11:21:51
p36,0.304,9,0.002,0,0,Down,NEUTRAL,11:21:54
p36,0.34,10,0.144,0,0,Down,NEUTRAL,11:21:56
p36,0.336,10,0.016,0,0,Down,NEUTRAL,11:21:58
p36,0.325,11,0.076,0,0,Right,NEUTRAL,11:22:00
p36,0.321,12,0.006,0,0,Down,NEUTRAL,11:22:02
p36,0.524,13,0.008,0,0,Left,NEUTRAL,11:22:04
p36,0.265,13,0.003,0,0,Down,NEUTRAL,11:22:06
p36,0.299,13,0.161,0,0,Down,NEUTRAL,11:22:08
p36,0.32,15,0.195,0,0,Down,NEUTRAL,11:22:10
p36,0.328,15,0.162,0,0,Down,NEUTRAL,11:22:12
p36,0.279,16,0.002,0,0,Down,NEUTRAL,11:22:14
p37,0.361,0,0.008,0,0,Down,NEUTRAL,11:22:33
p37,0.255,0,0.024,0,0,Down,NEUTRAL,11:22:35
p37,0.329,2,0.259,0,0,Down,NEUTRAL,11:22:37
p37,0.299,3,0.007,0,0,Down,NEUTRAL,11:22:39
p37,0.305,6,0.002,0,0,Down,NEUTRAL,11:22:41
p37,0.196,8,0.014,0,0.05,Left,ANGRY,11:22:43
p37,0.137,11,0.003,0,0.11,Down,TIRED,11:22:46
p37,0.591,12,0.66,2,0,Left,NEUTRAL,11:22:48
p37,0.319,13,0.009,3,0,Down,NEUTRAL,11:22:50
p37,0.543,15,0.071,3,0,Left,NEUTRAL,11:22:52
p37,0.137,16,0.004,3,0.0,Down,TIRED,11:22:54
p37,0.462,17,0.003,3,0,Down,NEUTRAL,11:22:56
p37,0.305,18,0.002,3,0,Down,BLINK_DETECTED,11:22:58
p37,0.393,22,0.117,3,0,Down,NEUTRAL,11:23:00
p37,0.269,23,0.008,3,0,Down,NEUTRAL,11:23:02
p37,0.076,25,0.002,3,0.15,Down,TIRED,11:23:04
p37,0.369,26,0.004,3,0,Down,NEUTRAL,11:23:06
p37,0.358,26,0.969,4,0,Down,SURPRISED,11:23:08
p37,0.616,28,0.58,5,0,Left,BLINK_DETECTED,11:23:10
p37,0.296,29,0.163,7,0,Down,NEUTRAL,11:23:12
p37,0.339,29,0.375,8,0,Down,NEUTRAL,11:23:14
p37,0.289,30,0.004,8,0,Down,NEUTRAL,11:23:16
p37,0.382,30,0.006,8,0,Right,NEUTRAL,11:23:18
p37,0.325,33,0.003,8,0,Down,NEUTRAL,11:23:20
p37,0.311,33,0.121,8,0,Down,NEUTRAL,11:23:22
p37,0.693,36,0.01,8,0,Left,NEUTRAL,11:23:24
p37,0.277,37,0.013,8,0,Down,NEUTRAL,11:23:26
p37,0.375,37,0.442,8,0,Down,HAPPY,11:23:28
p38,0.318,0,0.387,0,0,Down,NEUTRAL,11:23:56
p38,0.361,0,0.385,0,0,Down,NEUTRAL,11:23:58
p38,0.193,2,0.005,0,0.0,Down,ANGRY,11:24:00
p38,0.191,2,0.003,0,2.01,Down,ANGRY,11:24:02
p38,0.293,3,0.011,0,0,Down,NEUTRAL,11:24:04
p38,0.364,3,0.022,0,0,Down,NEUTRAL,11:24:06
p38,0.393,3,0.009,0,0,Down,NEUTRAL,11:24:08
p38,0.38,4,1.067,0,0,Down,SURPRISED,11:24:10
p38,0.405,5,0.475,6,0,Down,HAPPY,11:24:12
p38,0.325,7,0.009,6,0,Down,NEUTRAL,11:24:14
p38,0.167,7,0.005,6,1.5,Down,TIRED,11:24:16
p38,0.349,8,0.003,6,0,Down,NEUTRAL,11:24:18
p38,0.38,8,0.005,6,0,Down,NEUTRAL,11:24:20
p38,0.377,8,0.004,6,0,Down,NEUTRAL,11:24:22
p38,0.445,8,0.008,6,0,Down,NEUTRAL,11:24:24
p38,0.373,8,0.073,6,0,Down,NEUTRAL,11:24:26
p38,0.362,8,0.004,6,0,Down,NEUTRAL,11:24:28
p38,0.262,9,0.091,6,0,Down,NEUTRAL,11:24:30
p39,0.213,0,0.305,0,0,Down,ANGRY,12:00:19
p39,0.256,8,0.262,0,0,Down,NEUTRAL,12:00:21
p39,0.321,8,0.21,0,0,Down,NEUTRAL,12:00:23
p39,0.266,8,0.243,0,0,Up,NEUTRAL,12:00:25
p39,0.366,10,0.008,0,0,Down,NEUTRAL,12:00:27
p39,0.399,10,0.006,0,0,Down,NEUTRAL,12:00:29
p39,0.383,11,0.012,0,0,Right,NEUTRAL,12:00:31
p39,0.351,14,0.776,0,0,Down,SURPRISED,12:00:33
p39,0.273,15,0.003,1,0,Down,NEUTRAL,12:00:35
p39,0.354,16,0.451,1,0,Right,HAPPY,12:00:37
p39,0.257,21,0.206,2,0,Down,NEUTRAL,12:00:39
p39,0.378,21,0.008,2,0,Down,NEUTRAL,12:00:41
p39,0.353,21,0.003,2,0,Down,NEUTRAL,12:00:43
p39,0.314,22,0.287,3,0,Right,YAWNING,12:00:45
p39,0.311,26,0.386,3,0,Down,NEUTRAL,12:00:48
p39,0.392,28,0.004,3,0,Down,NEUTRAL,12:00:50
p39,0.353,29,0.256,3,0,Down,NEUTRAL,12:00:52
p39,0.322,29,0.002,4,0,Down,NEUTRAL,12:00:54
p39,0.347,30,0.002,4,0,Down,NEUTRAL,12:00:56
p39,0.291,32,0.663,6,0,Down,NEUTRAL,12:00:58
p39,0.26,32,0.24,7,0,Left,NEUTRAL,12:01:00
p39,0.124,32,0.33,7,0.05,Down,TIRED,12:01:02
p39,0.327,34,0.006,7,0,Down,NEUTRAL,12:01:04
p39,0.288,36,0.005,7,0,Down,NEUTRAL,12:01:06
p39,0.27,38,0.185,7,0,Down,NEUTRAL,12:01:08
p39,0.322,39,0.23,7,0,Right,NEUTRAL,12:01:10
p40,0.301,0,0.261,0,0,Down,NEUTRAL,12:02:11
p40,0.333,0,0.002,0,0,Down,NEUTRAL,12:02:13
p40,0.352,0,0.002,0,0,Down,NEUTRAL,12:02:15
p40,0.283,0,0.391,0,0,Down,NEUTRAL,12:02:17
p40,0.252,0,0.315,0,0,Down,NEUTRAL,12:02:19
p40,0.353,1,0.002,0,0,Down,NEUTRAL,12:02:21
p40,0.337,3,0.002,0,0,Down,NEUTRAL,12:02:23
p40,0.253,3,1.014,0,0,Down,SURPRISED,12:02:25
p40,0.273,4,0.322,1,0,Down,NEUTRAL,12:02:27
p40,0.218,4,0.977,1,0,Down,SURPRISED,12:02:29
p40,0.148,5,0.389,2,0.15,Down,TIRED,12:02:31
p40,0.25,10,0.365,2,0,Down,NEUTRAL,12:02:33
p40,0.25,10,0.004,2,0,Down,NEUTRAL,12:02:35
p40,0.232,12,0.004,3,0,Down,NEUTRAL,12:02:37
p40,0.141,14,0.35,3,0.17,Down,TIRED,12:02:39
p40,0.198,18,0.378,5,0.37,Down,SAD,12:02:41
p40,0.238,21,0.459,5,0,Down,HAPPY,12:02:43
p40,0.248,21,0.002,6,0,Down,NEUTRAL,12:02:45
p40,0.302,21,0.009,6,0,Down,NEUTRAL,12:02:47
p40,0.3,21,0.178,6,0,Down,NEUTRAL,12:02:49
p40,0.242,25,0.001,6,0,Down,NEUTRAL,12:02:51
p40,0.341,25,0.004,6,0,Down,NEUTRAL,12:02:53
p40,0.312,25,0.002,6,0,Down,NEUTRAL,12:02:55
p40,0.339,25,0.002,6,0,Down,NEUTRAL,12:02:57
p40,0.266,26,0.008,6,0,Down,NEUTRAL,12:02:59
p40,0.285,26,0.001,6,0,Down,NEUTRAL,12:03:01
p40,0.333,26,0.361,6,0,Down,NEUTRAL,12:03:03
p40,0.308,0,0.376,0,0,Up,NEUTRAL,12:03:46
p40,0.278,3,0.004,3,0,Down,NEUTRAL,12:03:48
p40,0.276,3,0.011,3,0,Down,NEUTRAL,12:03:50
p40,0.298,3,0.005,3,0,Down,NEUTRAL,12:03:52
p40,0.308,3,0.005,3,0,Down,NEUTRAL,12:03:54
p40,0.276,3,0.002,3,0,Down,NEUTRAL,12:03:56
p40,0.29,3,0.005,3,0,Down,NEUTRAL,12:03:58
p40,0.315,3,0.017,3,0,Down,NEUTRAL,12:04:00
p40,0.292,3,0.006,3,0,Down,NEUTRAL,12:04:02
p40,0.283,3,0.01,3,0,Down,NEUTRAL,12:04:04
p40,0.27,4,0.003,3,0,Down,NEUTRAL,12:04:06
p40,0.328,4,0.0,3,0,Down,NEUTRAL,12:04:08
p40,0.29,4,0.001,3,0,Down,NEUTRAL,12:04:10
p40,0.44,4,0.008,3,0,Left,NEUTRAL,12:04:12
p40,0.344,4,0.119,3,0,Down,NEUTRAL,12:04:14
p40,0.329,5,0.026,3,0,Down,NEUTRAL,12:04:16
p40,0.277,5,0.007,3,0,Down,NEUTRAL,12:04:18
p40,0.304,5,0.01,3,0,Down,NEUTRAL,12:04:20
p40,0.324,5,0.007,3,0,Down,NEUTRAL,12:04:23
p40,0.308,5,0.001,3,0,Down,NEUTRAL,12:04:25
p40,0.169,8,0.003,3,0.27,Down,TIRED,12:04:27
p40,0.187,9,0.003,3,0.59,Down,ANGRY,12:04:29
p40,0.22,15,0.004,3,0,Down,NEUTRAL,12:04:31
p40,0.21,25,0.001,3,0,Down,ANGRY,12:04:33
p40,0.208,35,0.006,3,0,Down,BLINK_DETECTED,12:04:35
p40,0.192,45,0.005,3,0.0,Down,ANGRY,12:04:37
p40,0.213,57,0.009,3,0,Down,BLINK_DETECTED,12:04:39
p40,0.197,65,0.021,3,0.0,Down,ANGRY,12:04:41
p40,0.209,74,0.007,3,0,Down,ANGRY,12:04:43
p40,0.219,88,0.021,3,0,Down,ANGRY,12:04:45
p40,0.173,96,0.037,3,0.39,Down,TIRED,12:04:47
p40,0.214,101,0.006,3,0,Down,ANGRY,12:04:49
p40,0.202,110,0.003,3,0,Down,BLINK_DETECTED,12:04:51
p40,0.316,116,0.002,3,0,Down,NEUTRAL,12:04:53
p40,0.208,122,0.008,3,0,Down,ANGRY,12:04:55
p40,0.25,123,0.007,3,0,Down,NEUTRAL,12:04:57
p40,0.255,123,0.009,3,0,Down,NEUTRAL,12:04:59
p40,0.326,123,0.007,3,0,Down,NEUTRAL,12:05:01
p40,0.302,123,0.002,3,0,Down,NEUTRAL,12:05:03
p40,0.321,123,0.004,3,0,Down,NEUTRAL,12:05:05
p40,0.328,125,0.002,3,0,Down,NEUTRAL,12:05:07
p40,0.302,125,0.003,3,0,Down,NEUTRAL,12:05:09
p40,0.268,125,0.004,3,0,Down,NEUTRAL,12:05:11
p40,0.317,125,0.012,3,0,Down,NEUTRAL,12:05:13
p40,0.331,125,0.004,3,0,Down,NEUTRAL,12:05:15
p40,0.341,125,0.006,3,0,Up,NEUTRAL,12:05:17
p40,0.349,125,0.009,3,0,Down,NEUTRAL,12:05:19
p40,0.324,125,0.008,3,0,Up,NEUTRAL,12:05:21
p40,0.255,125,0.008,3,0,Down,NEUTRAL,12:05:23
p40,0.277,125,0.002,3,0,Down,NEUTRAL,12:05:25
p40,0.246,125,0.002,3,0,Down,NEUTRAL,12:05:27
p40,0.287,125,0.018,3,0,Up,NEUTRAL,12:05:29
p40,0.367,125,0.005,3,0,Down,NEUTRAL,12:05:31
p40,0.343,125,0.01,3,0,Down,NEUTRAL,12:05:34
p40,0.287,125,0.012,3,0,Up,NEUTRAL,12:05:36
p40,0.278,125,0.025,3,0,Down,NEUTRAL,12:05:38
p40,0.263,125,0.003,3,0,Down,NEUTRAL,12:05:40
p40,0.284,125,0.002,3,0,Down,NEUTRAL,12:05:42
p40,0.225,125,0.007,3,0,Down,NEUTRAL,12:05:44
p40,0.339,125,0.01,3,0,Down,NEUTRAL,12:05:46
p40,0.27,125,0.009,3,0,Up,NEUTRAL,12:05:49
p40,0.292,127,0.088,3,0,Up,NEUTRAL,12:05:51
p40,0.27,127,0.011,4,0,Down,NEUTRAL,12:05:53
p40,0.287,127,0.006,4,0,Down,NEUTRAL,12:05:55
p40,0.24,0,0.033,0,0,Up,NEUTRAL,12:11:14
p40,0.287,5,0.554,4,0,Down,NEUTRAL,12:11:16
p40,0.384,5,0.477,5,0,Down,HAPPY,12:11:18
p40,0.381,6,0.075,6,0,Down,NEUTRAL,12:11:20
p40,0.252,6,0.348,6,0,Down,NEUTRAL,12:11:22
p40,0.32,6,0.005,6,0,Down,NEUTRAL,12:11:24
p40,0.257,6,0.309,6,0,Down,NEUTRAL,12:11:26
p40,0.438,10,0.0,6,0,Down,NEUTRAL,12:11:28
p40,0.289,10,0.396,6,0,Down,NEUTRAL,12:11:30
p40,0.347,11,0.315,6,0,Down,NEUTRAL,12:11:33
p40,0.237,12,0.33,6,0,Up,NEUTRAL,12:11:35
p40,0.322,12,0.393,6,0,Down,NEUTRAL,12:11:37
p40,0.267,13,0.235,6,0,Down,NEUTRAL,12:11:39
p40,0.458,13,0.333,6,0,Down,NEUTRAL,12:11:41
p40,0.307,13,0.002,6,0,Down,NEUTRAL,12:11:43
p40,0.323,13,0.001,6,0,Down,NEUTRAL,12:11:45
p40,0.337,14,0.63,7,0,Down,NEUTRAL,12:11:47
p40,0.324,15,0.478,7,0,Down,HAPPY,12:11:49
p40,0.28,16,0.001,7,0,Down,NEUTRAL,12:11:51
p40,0.327,17,0.004,7,0,Down,NEUTRAL,12:11:53
p40,0.395,17,0.365,7,0,Down,NEUTRAL,12:11:55
p40,0.395,17,0.32,7,0,Down,NEUTRAL,12:11:57
p40,0.303,17,0.416,8,0,Down,HAPPY,12:11:59
p40,0.133,18,0.002,8,0.06,Down,TIRED,12:12:01
p40,0.326,20,0.009,8,0,Down,NEUTRAL,12:12:03
p40,0.267,20,0.13,8,0,Down,NEUTRAL,12:12:05
p40,0.352,20,0.464,8,0,Down,HAPPY,12:12:07
p40,0.261,21,0.221,8,0,Down,NEUTRAL,12:12:09
p40,0.286,21,0.438,8,0,Up,HAPPY,12:12:11
p40,0.274,27,0.368,8,0,Up,NEUTRAL,12:12:13
p40,0.304,28,0.008,8,0,Up,NEUTRAL,12:12:15
p40,0.338,30,0.199,8,0,Up,NEUTRAL,12:12:17
p40,0.331,31,0.466,8,0,Down,HAPPY,12:12:19
p40,0.286,32,0.315,8,0,Down,NEUTRAL,12:12:21
p40,0.27,33,0.001,8,0,Down,NEUTRAL,12:12:23
p40,0.234,41,0.001,8,0,Down,NEUTRAL,12:12:25
p40,0.247,41,0.004,8,0,Down,NEUTRAL,12:12:27
p40,0.3,0,0.447,0,0,Down,HAPPY,12:12:55
p40,0.375,0,0.024,3,0,Down,NEUTRAL,12:12:57
p40,0.382,0,0.011,3,0,Down,NEUTRAL,12:12:59
p40,0.277,3,0.029,3,0,Down,NEUTRAL,12:13:01
p40,0.287,4,0.009,3,0,Down,NEUTRAL,12:13:03
p40,0.234,7,0.004,4,0,Down,NEUTRAL,12:13:06
p40,0.345,10,0.01,4,0,Down,NEUTRAL,12:13:08
p40,0.326,11,0.017,4,0,Down,NEUTRAL,12:13:10
p40,0.379,11,0.004,4,0,Down,NEUTRAL,12:13:12
p40,0.369,11,0.014,4,0,Down,NEUTRAL,12:13:14
p40,0.402,0,0.023,0,0,Down,NEUTRAL,12:15:38
p40,0.361,0,0.301,0,0,Down,NEUTRAL,12:15:40
p40,0.356,1,0.135,0,0,Down,NEUTRAL,12:15:42
p40,0.339,1,0.324,1,0,Down,NEUTRAL,12:15:44
p40,0.381,1,0.248,1,0,Down,NEUTRAL,12:15:46
p40,0.386,1,0.259,1,0,Down,NEUTRAL,12:15:48
p40,0.342,1,0.277,1,0,Down,NEUTRAL,12:15:50
p40,0.36,1,0.267,1,0,Down,NEUTRAL,12:15:52
p40,0.351,1,0.016,1,0,Down,NEUTRAL,12:15:54
p40,0.387,1,0.38,1,0,Down,NEUTRAL,12:15:56
p40,0.39,1,0.31,1,0,Down,NEUTRAL,12:15:58
p40,0.339,1,0.25,1,0,Down,NEUTRAL,12:16:00
p40,0.311,2,0.175,1,0,Down,NEUTRAL,12:16:02
p40,0.199,6,0.097,1,0.0,Down,ANGRY,12:16:04
p40,0.317,8,0.004,1,0,Down,NEUTRAL,12:16:06
p40,0.347,8,0.008,1,0,Down,NEUTRAL,12:16:08
p40,0.363,8,0.001,1,0,Down,NEUTRAL,12:16:10
p40,0.373,8,0.256,1,0,Down,NEUTRAL,12:16:12
p40,0.295,8,0.016,1,0,Down,NEUTRAL,12:16:14
p40,0.264,8,0.326,1,0,Down,NEUTRAL,12:16:16
p40,0.248,8,0.299,2,0,Down,NEUTRAL,12:16:18
p40,0.237,9,0.46,3,0,Down,HAPPY,12:16:20
p40,0.319,9,0.569,4,0,Down,YAWNING,12:16:22
p40,0.475,9,0.098,5,0,Right,NEUTRAL,12:16:25
p40,0.224,11,0.339,5,0,Down,BLINK_DETECTED,12:16:27
p40,0.303,11,0.178,5,0,Down,NEUTRAL,12:16:29
p40,0.407,12,0.011,5,0,Down,NEUTRAL,12:16:31
p40,0.4,12,0.015,5,0,Down,NEUTRAL,12:16:33
p40,0.362,12,0.155,5,0,Down,NEUTRAL,12:16:35
p40,0.405,12,0.328,5,0,Left,NEUTRAL,12:16:37
p40,0.343,12,0.1,6,0,Left,NEUTRAL,12:16:39
p40,0.246,12,0.268,12,0,Up,NEUTRAL,12:16:41
p40,0.246,14,0.291,12,0,Up,NEUTRAL,12:16:43
p40,0.288,15,0.051,12,0,Up,NEUTRAL,12:16:45
p40,0.201,22,0.012,15,0,Up,BLINK_DETECTED,12:16:47
p40,0.267,22,0.017,15,0,Left,NEUTRAL,12:16:49
p40,0.316,25,0.273,15,0,Down,NEUTRAL,12:16:51
p40,0.275,25,0.276,15,0,Down,NEUTRAL,12:16:53
p40,0.347,25,0.175,15,0,Down,NEUTRAL,12:16:55
p40,0.346,25,0.167,15,0,Down,NEUTRAL,12:16:57
p40,0.347,25,0.151,15,0,Down,NEUTRAL,12:16:59
p40,0.372,25,0.289,15,0,Down,NEUTRAL,12:17:01
p40,0.363,25,0.467,15,0,Down,HAPPY,12:17:04
p40,0.356,25,0.271,15,0,Down,NEUTRAL,12:17:06
p40,0.286,25,0.02,16,0,Up,NEUTRAL,12:17:09
p40,0.218,28,0.264,16,0,Up,BLINK_DETECTED,12:17:12
p40,0.359,29,0.514,16,0,Down,HAPPY,12:17:14
p40,0.36,29,0.03,17,0,Left,NEUTRAL,12:17:16
p40,0.298,29,0.072,17,0,Left,NEUTRAL,12:17:18
p40,0.399,29,0.015,18,0,Left,NEUTRAL,12:17:21
p40,0.29,29,0.375,18,0,Down,NEUTRAL,12:17:23
p40,0.308,29,0.28,18,0,Down,NEUTRAL,12:17:25
p40,0.396,29,0.037,18,0,Down,NEUTRAL,12:17:27
p40,0.39,29,0.254,19,0,Down,NEUTRAL,12:17:29
p40,0.356,29,0.068,19,0,Down,NEUTRAL,12:17:31
p40,0.317,29,0.341,19,0,Down,NEUTRAL,12:17:33
p40,0.345,29,0.33,20,0,Down,NEUTRAL,12:17:35
p40,0.441,29,0.013,20,0,Down,NEUTRAL,12:17:37
p40,0.402,29,0.024,21,0,Up,NEUTRAL,12:17:40
p40,0.357,29,0.232,21,0,Down,NEUTRAL,12:17:42
p40,0.287,29,0.015,21,0,Up,NEUTRAL,12:17:44
p40,0.362,29,0.164,21,0,Down,NEUTRAL,12:17:46
p40,0.33,29,0.57,21,0,Down,NEUTRAL,12:17:48
p40,0.37,29,0.46,22,0,Down,HAPPY,12:17:50
p40,0.384,29,0.225,23,0,Down,NEUTRAL,12:17:52
p40,0.357,29,0.499,24,0,Down,HAPPY,12:17:54
p40,0.358,29,0.214,24,0,Down,NEUTRAL,12:17:56
p40,0.117,29,0.382,24,0.0,Down,TIRED,12:17:58
p40,0.258,30,0.359,24,0,Down,NEUTRAL,12:18:00
p40,0.307,30,0.093,24,0,Down,NEUTRAL,12:18:02
p40,0.344,30,0.314,24,0,Down,NEUTRAL,12:18:04
p40,0.355,30,0.286,24,0,Down,NEUTRAL,12:18:06
p40,0.289,30,0.269,24,0,Down,NEUTRAL,12:18:08
p40,0.33,30,0.316,25,0,Down,NEUTRAL,12:18:10
p40,0.332,30,0.018,26,0,Down,NEUTRAL,12:18:13
p40,0.335,30,0.289,26,0,Down,NEUTRAL,12:18:15
p40,0.332,30,0.075,26,0,Down,NEUTRAL,12:18:17
p40,0.358,30,0.315,27,0,Down,NEUTRAL,12:18:19
p40,0.329,30,0.317,27,0,Down,NEUTRAL,12:18:21
p40,0.289,30,0.285,27,0,Down,NEUTRAL,12:18:23
p40,0.382,30,0.148,27,0,Down,NEUTRAL,12:18:25
p40,0.338,30,0.003,27,0,Down,NEUTRAL,12:18:27
p40,0.378,30,0.005,28,0,Down,NEUTRAL,12:18:29
p40,0.332,30,0.303,28,0,Down,NEUTRAL,12:18:31
p40,0.324,31,0.831,28,0,Down,SURPRISED,12:18:33
p40,0.356,31,0.169,31,0,Down,NEUTRAL,12:18:35
p40,0.32,31,0.114,32,0,Up,NEUTRAL,12:18:37
p40,0.283,32,0.477,34,0,Down,HAPPY,12:18:39
p40,0.342,32,0.42,37,0,Down,YAWNING,12:18:41
p40,0.4,34,0.224,37,0,Up,NEUTRAL,12:18:43
p40,0.281,35,0.508,37,0,Down,HAPPY,12:18:45
p40,0.267,37,0.11,38,0,Down,BLINK_DETECTED,12:18:49
p40,0.283,38,0.056,38,0,Down,NEUTRAL,12:18:51
p40,0.332,38,0.079,38,0,Down,NEUTRAL,12:18:53
p40,0.292,38,0.114,38,0,Down,NEUTRAL,12:18:55
p40,0.201,39,0.014,38,0,Down,ANGRY,12:18:57
p40,0.318,40,0.025,38,0,Down,NEUTRAL,12:18:59
p40,0.28,40,0.081,38,0,Down,NEUTRAL,12:19:01
p40,0.249,40,0.168,41,0,Down,NEUTRAL,12:19:03
p40,0.299,40,0.081,43,0,Down,NEUTRAL,12:19:05
p40,0.183,47,0.027,43,0.12,Down,ANGRY,12:19:07
p40,0.327,50,0.039,43,0,Down,NEUTRAL,12:19:09
p40,0.185,51,0.162,43,0.0,Down,ANGRY,12:19:11
p40,0.219,57,0.019,43,0,Down,ANGRY,12:19:13
p40,0.197,60,0.008,43,0.61,Down,ANGRY,12:19:15
p40,0.237,63,0.499,43,0,Down,HAPPY,12:19:17
p40,0.302,66,0.059,43,0,Down,NEUTRAL,12:19:19
p40,0.28,69,0.04,43,0,Down,NEUTRAL,12:19:21
p40,0.145,73,0.009,43,0.0,Down,TIRED,12:19:23
p40,0.265,75,0.04,43,0,Down,NEUTRAL,12:19:25
p40,0.34,75,0.014,43,0,Left,NEUTRAL,12:19:39
p40,0.274,75,0.383,43,0,Down,NEUTRAL,12:19:44
p40,0.275,78,0.381,43,0,Down,NEUTRAL,12:19:46
p40,0.362,78,0.077,43,0,Down,NEUTRAL,12:19:48
p40,0.368,78,0.026,43,0,Down,NEUTRAL,12:19:50
p40,0.325,78,0.056,43,0,Down,NEUTRAL,12:19:53
p40,0.292,78,0.148,43,0,Down,NEUTRAL,12:19:55
p40,0.237,79,0.022,43,0,Down,NEUTRAL,12:19:57
p40,0.217,81,0.015,43,0,Down,ANGRY,12:19:59
p40,0.221,82,0.013,43,0,Down,NEUTRAL,12:20:01
p40,0.423,85,0.048,43,0,Down,NEUTRAL,12:20:03
p40,0.169,85,0.01,43,0.0,Down,TIRED,12:20:05
p40,0.347,87,0.092,43,0,Down,NEUTRAL,12:21:06
p40,0.355,87,0.042,43,0,Down,NEUTRAL,12:21:08
p40,0.302,87,0.034,43,0,Down,NEUTRAL,12:21:10
p40,0.266,87,0.018,43,0,Down,NEUTRAL,12:21:12
p40,0.295,87,0.04,43,0,Down,NEUTRAL,12:21:14
p40,0.37,87,0.012,43,0,Down,NEUTRAL,12:21:16
p40,0.34,87,0.015,43,0,Down,NEUTRAL,12:21:18
p40,0.32,87,0.013,43,0,Down,NEUTRAL,12:21:20
p40,0.401,87,0.026,43,0,Down,NEUTRAL,12:21:22
p40,0.353,87,0.014,43,0,Down,NEUTRAL,12:21:24
p40,0.382,87,0.014,43,0,Down,NEUTRAL,12:21:26
p40,0.386,87,0.01,43,0,Down,NEUTRAL,12:21:29
p40,0.286,87,0.056,43,0,Down,NEUTRAL,12:21:31
p40,0.377,87,0.011,43,0,Down,NEUTRAL,12:21:33
p40,0.351,0,0.021,0,0,Down,NEUTRAL,12:27:16
p40,0.393,0,0.038,0,0,Down,NEUTRAL,12:27:18
p40,0.307,1,0.009,0,0,Down,NEUTRAL,12:27:20
p40,0.335,1,0.013,0,0,Down,NEUTRAL,12:27:22
p40,0.346,1,0.018,0,0,Down,NEUTRAL,12:27:24
p40,0.323,1,0.014,0,0,Down,NEUTRAL,12:27:26
p40,0.27,1,0.011,0,0,Down,NEUTRAL,12:27:28
p40,0.316,0,0.019,0,0,Down,NEUTRAL,12:30:40
p40,0.427,0,0.006,0,0,Down,NEUTRAL,12:30:42
p40,0.258,0,0.03,0,0,Down,NEUTRAL,12:30:44
p40,0.345,3,0.01,0,0,Down,NEUTRAL,12:30:46
p40,0.347,4,0.014,0,0,Down,NEUTRAL,12:30:48
p40,0.405,4,0.014,0,0,Down,NEUTRAL,12:30:50
p40,0.307,4,0.031,0,0,Down,NEUTRAL,12:30:52
p40,0.295,4,0.066,0,0,Down,NEUTRAL,12:30:54
p40,0.296,4,0.121,0,0,Down,NEUTRAL,12:30:56
p41,0.24,0,0.012,0,0,Up,NEUTRAL,12:31:33
p41,0.275,4,0.016,0,0,Down,NEUTRAL,12:31:35
p41,0.361,4,0.267,0,0,Down,NEUTRAL,12:31:37
p41,0.389,4,0.004,0,0,Down,NEUTRAL,12:31:39
p41,0.376,4,0.003,0,0,Down,NEUTRAL,12:31:41
p41,0.377,4,0.877,0,0,Down,SURPRISED,12:31:43
p41,0.32,4,0.066,1,0,Down,NEUTRAL,12:31:45
p41,0.312,4,0.37,1,0,Down,NEUTRAL,12:31:47
p41,0.303,4,0.517,3,0,Down,HAPPY,12:31:49
p41,0.377,4,0.002,3,0,Down,NEUTRAL,12:31:51
p41,0.343,4,0.001,3,0,Down,NEUTRAL,12:31:53
p41,0.076,4,0.039,3,0.94,Down,TIRED,12:31:55
p41,0.29,6,0.248,3,0,Down,NEUTRAL,12:31:57
p41,0.315,6,0.004,3,0,Down,NEUTRAL,12:31:59
p41,0.218,7,0.005,3,0,Left,BLINK_DETECTED,12:32:02
p41,0.375,7,0.003,4,0,Down,NEUTRAL,12:32:04
p41,0.38,7,0.001,4,0,Down,NEUTRAL,12:32:06
p41,0.449,8,0.001,4,0,Down,NEUTRAL,12:32:08
p41,0.452,8,0.002,4,0,Down,NEUTRAL,12:32:10
p41,0.446,9,0.053,4,0,Down,NEUTRAL,12:32:12
p41,0.202,10,0.002,4,0,Down,ANGRY,12:32:14
p41,0.185,19,0.005,4,0.37,Down,ANGRY,12:32:16
p41,0.216,20,0.003,4,0,Down,ANGRY,12:32:18
p41,0.161,22,0.003,4,1.07,Down,TIRED,12:32:20
p41,0.518,23,0.217,4,0,Left,NEUTRAL,12:32:22
p41,0.257,23,0.101,4,0,Down,NEUTRAL,12:32:24
p41,0.27,23,0.042,4,0,Down,NEUTRAL,12:32:26
p42,0.273,0,0.024,0,0,Down,NEUTRAL,12:32:44
p42,0.33,1,0.013,0,0,Down,NEUTRAL,12:32:46
p42,0.068,1,0.324,0,0.02,Down,TIRED,12:32:48
p42,0.328,2,0.241,0,0,Down,NEUTRAL,12:32:50
p42,0.348,2,0.006,0,0,Down,NEUTRAL,12:32:52
p42,0.343,2,0.317,0,0,Down,NEUTRAL,12:32:54
p42,0.315,3,0.002,0,0,Down,NEUTRAL,12:32:56
p42,0.365,3,0.006,0,0,Down,NEUTRAL,12:32:58
p42,0.498,4,0.553,0,0,Right,NEUTRAL,12:33:00
p42,0.27,4,0.298,0,0,Down,NEUTRAL,12:33:02
p42,0.366,4,1.069,0,0,Down,SURPRISED,12:33:04
p42,0.368,4,0.013,1,0,Down,NEUTRAL,12:33:06
p42,0.447,4,0.133,2,0,Down,NEUTRAL,12:33:08
p42,0.368,4,0.479,2,0,Down,HAPPY,12:33:10
p42,0.282,5,0.178,2,0,Down,NEUTRAL,12:33:12
p42,0.342,5,0.139,2,0,Down,NEUTRAL,12:33:14
p42,0.296,9,0.348,3,0,Down,NEUTRAL,12:33:16
p42,0.391,9,0.131,3,0,Down,NEUTRAL,12:33:18
p42,0.319,15,0.006,3,0,Down,BLINK_DETECTED,12:33:20
p42,0.215,17,0.002,3,0,Down,BLINK_DETECTED,12:33:22
p42,0.361,19,0.639,3,0,Down,NEUTRAL,12:33:24
p42,0.314,19,0.005,4,0,Down,NEUTRAL,12:33:26
p42,0.275,20,0.178,4,0,Down,NEUTRAL,12:33:28
p42,0.316,20,0.08,4,0,Down,NEUTRAL,12:33:30
p42,0.41,21,0.001,4,0,Down,NEUTRAL,12:33:32
p42,0.258,24,0.006,4,0,Down,NEUTRAL,12:33:34
p42,0.35,25,0.003,4,0,Down,NEUTRAL,12:33:36
p42,0.356,25,0.004,4,0,Down,NEUTRAL,12:33:38
p42,0.325,26,0.001,4,0,Down,NEUTRAL,12:33:40
p42,0.37,27,0.284,4,0,Down,NEUTRAL,12:33:43
p42,0.431,29,0.622,7,0,Right,NEUTRAL,12:33:45
p42,0.24,31,0.249,9,0,Down,NEUTRAL,12:33:47
p42,0.391,31,0.021,9,0,Down,NEUTRAL,12:33:49
p42,0.4,31,0.108,9,0,Down,NEUTRAL,12:33:51
p42,0.314,31,0.033,9,0,Down,NEUTRAL,12:33:53
p42,0.327,31,0.001,9,0,Down,NEUTRAL,12:33:55
p42,0.222,33,0.133,9,0,Down,NEUTRAL,12:33:57p
43,0.315,0,0.021,0,0,Up,NEUTRAL,18:46:16
43,0.395,0,0.007,0,0,Down,NEUTRAL,18:46:18
43,0.42,0,0.008,0,0,Down,NEUTRAL,18:46:20
43,0.418,0,0.041,0,0,Down,NEUTRAL,18:46:22
43,0.397,0,0.105,1,0,Down,NEUTRAL,18:46:24
43,0.39,0,0.007,2,0,Down,NEUTRAL,18:46:26
43,0.353,0,0.011,2,0,Down,NEUTRAL,18:46:28
43,0.313,1,0.015,2,0,Up,NEUTRAL,18:46:30
43,0.251,1,0.037,2,0,Up,NEUTRAL,18:46:32
43,0.355,2,0.01,2,0,Up,NEUTRAL,18:46:34
43,0.384,2,0.004,2,0,Up,NEUTRAL,18:46:36
43,0.367,2,0.012,2,0,Down,NEUTRAL,18:46:38
43,0.375,2,0.046,2,0,Down,NEUTRAL,18:46:40
43,0.401,2,0.009,2,0,Down,NEUTRAL,18:46:42
43,0.342,2,0.006,2,0,Down,NEUTRAL,18:46:44
44,0.379,0,0.009,0,0,Down,NEUTRAL,19:09:26
44,0.453,0,0.002,0,0,Down,NEUTRAL,19:09:28
44,0.427,0,0.003,0,0,Down,NEUTRAL,19:09:30
44,0.337,0,0.172,0,0,Down,NEUTRAL,19:09:32
44,0.298,2,0.012,0,0,Down,NEUTRAL,19:09:34
44,0.181,5,0.015,0,0.0,Down,ANGRY,19:09:36
44,0.302,10,0.01,0,0,Down,NEUTRAL,19:09:38
44,0.327,11,0.013,0,0,Down,NEUTRAL,19:09:40
44,0.336,12,0.292,0,0,Down,NEUTRAL,19:09:42
44,0.257,13,0.006,0,0,Down,NEUTRAL,19:09:44
44,0.341,15,0.004,0,0,Down,NEUTRAL,19:09:46
44,0.149,15,0.006,0,1.55,Down,TIRED,19:09:48
44,0.121,15,0.005,0,3.57,Down,TIRED,19:09:50
44,0.124,16,0.006,0,0.38,Down,TIRED,19:09:52
44,0.317,18,0.004,0,0,Down,NEUTRAL,19:09:54
44,0.14,21,0.014,0,0.0,Down,TIRED,19:09:57
44,0.417,23,0.02,0,0,Down,NEUTRAL,19:09:59
44,0.105,24,0.005,0,0.39,Down,TIRED,19:10:01
44,0.302,26,0.005,0,0,Down,NEUTRAL,19:10:03
44,0.316,28,0.004,0,0,Down,NEUTRAL,19:10:05
44,0.349,29,0.005,0,0,Down,NEUTRAL,19:10:07
44,0.148,29,0.012,0,0.04,Down,TIRED,19:10:09
44,0.082,29,0.007,0,2.1,Down,TIRED,19:10:11
44,0.121,29,0.005,0,4.12,Down,TIRED,19:10:13
44,0.103,29,0.006,0,6.13,Down,TIRED,19:10:15
44,0.167,29,0.004,0,8.16,Down,TIRED,19:10:17
44,0.294,36,0.011,0,0,Down,NEUTRAL,19:10:19
44,0.387,36,0.012,0,0,Down,NEUTRAL,19:10:21
44,0.403,36,0.008,0,0,Down,NEUTRAL,19:10:23
44,0.392,36,0.009,0,0,Down,NEUTRAL,19:10:25
44,0.467,36,0.002,0,0,Down,NEUTRAL,19:10:27
44,0.13,36,0.009,0,0.41,Down,TIRED,19:10:29
44,0.107,36,0.004,0,2.45,Down,TIRED,19:10:31
44,0.243,38,0.008,0,0,Down,NEUTRAL,19:10:33
44,0.304,39,0.005,0,0,Down,NEUTRAL,19:10:35
44,0.336,39,0.008,0,0,Down,NEUTRAL,19:10:37
44,0.167,39,0.013,0,1.12,Down,TIRED,19:10:39
44,0.192,42,0.01,0,0.15,Down,ANGRY,19:10:41
44,0.177,44,0.008,0,0.05,Down,TIRED,19:10:43
44,0.204,48,0.009,0,0,Down,BLINK_DETECTED,19:10:45
44,0.153,49,0.014,0,1.88,Down,TIRED,19:10:47
44,0.157,49,0.011,0,3.88,Down,TIRED,19:10:49
44,0.146,49,0.016,0,5.91,Down,TIRED,19:10:51
44,0.144,49,0.007,0,7.96,Down,TIRED,19:10:53
44,0.191,49,0.008,0,9.98,Down,ANGRY,19:10:55
44,0.358,53,0.011,0,0,Down,NEUTRAL,19:10:57
44,0.395,53,0.005,0,0,Down,NEUTRAL,19:10:59
44,0.352,53,0.004,0,0,Down,NEUTRAL,19:11:01
44,0.29,53,0.004,0,0,Down,NEUTRAL,19:11:03
P45,0.22842580769017656,8,0.7514035829941182,0,0,Down,SURPRISED,1769012370.3071196
P46,0.2682934670641368,8,0.9433386153923481,0,0,Down,SURPRISED,1769012370.368067
P47,0.26837657262907727,8,1.065483108762095,0,0,Down,SURPRISED,1769012370.5356414
P48,0.26932415510610197,9,0.8734770817425652,0,0,Down,SURPRISED,1769012370.9074697
P49,0.23306496831251666,9,0.6923763818054307,0,0,Down,NEUTRAL,1769012371.2512267
P50,0.18251618992362834,11,0.4958509967897644,2,0.0,Down,SAD,1769012373.3989534
P51,0.22237102311915033,12,0.5669735594242151,2,0,Down,NEUTRAL,1769012373.4894834
P52,0.43579109031442276,12,0.5671271288767085,8,0,Down,NEUTRAL,1769012383.5227113
P53,0.620593088166459,14,0.1330265067668996,0,0,Right,NEUTRAL,1769232830.5546463
P54,0.6336459724578132,14,0.08250865007650122,0,0,Right,NEUTRAL,1769232830.6847782
P55,0.7077804192493484,14,0.17945010978179932,0,0,Right,NEUTRAL,1769232830.8227782
P56,0.7576879141036966,14,0.4427604854842696,0,0,Right,NEUTRAL,1769232830.9100525
P57,0.628171043215148,15,0.31871231538771083,0,0,Left,NEUTRAL,1769232832.322819
P58,0.6961395091529827,15,0.43878889393612347,0,0,Left,NEUTRAL,1769232832.625062
P59,0.7727126327445416,15,0.3164347850450251,0,0,Left,NEUTRAL,1769232832.7542627
P60,0.7670883866223797,15,0.2347997292098225,0,0,Left,NEUTRAL,1769232832.8592312
P61,0.8174357181570431,15,0.4835800346192891,0,0,Left,NEUTRAL,1769232833.0645728
P62,0.8355814768623087,15,0.33689538627131943,0,0,Left,NEUTRAL,1769232833.173518
P63,0.06865790276530152,16,0.2154651486527937,0,0.12870121002197266,Down,TIRED,1769232838.7116375
64,0.345,0,0.011,0,0,Down,NEUTRAL,19:10:59
64,0.412,0,0.011,0,0,Down,NEUTRAL,19:11:04
63,0.304,0,0.042,0,0,Down,NEUTRAL,06:29:20
63,0.45,0,0.046,0,0,Down,NEUTRAL,06:29:22
63,0.329,1,0.006,0,0,Down,NEUTRAL,06:29:24
63,0.377,1,0.003,0,0,Down,NEUTRAL,06:29:26
63,0.382,2,0.006,0,0,Down,NEUTRAL,06:29:28
63,0.426,2,0.022,0,0,Down,NEUTRAL,06:29:30
63,0.385,3,0.009,0,0,Down,NEUTRAL,06:29:32
63,0.323,3,0.004,0,0,Down,NEUTRAL,06:29:34
63,0.4,3,0.004,0,0,Down,NEUTRAL,06:29:36
63,0.375,4,0.005,0,0,Down,NEUTRAL,06:29:38
63,0.396,4,0.004,0,0,Down,NEUTRAL,06:29:40
63,0.433,4,0.005,0,0,Down,NEUTRAL,06:29:42
63,0.395,5,0.005,0,0,Down,NEUTRAL,06:29:44
63,0.371,6,0.003,0,0,Down,NEUTRAL,06:29:46
63,0.171,6,0.006,0,0.02,Down,TIRED,06:29:48
63,0.345,7,0.004,0,0,Down,NEUTRAL,06:29:50
63,0.338,7,0.007,0,0,Down,NEUTRAL,06:29:52
63,0.368,7,0.005,0,0,Down,NEUTRAL,06:29:54
63,0.319,8,0.005,0,0,Down,NEUTRAL,06:29:56
63,0.345,8,0.003,0,0,Down,NEUTRAL,06:29:58
63,0.338,8,0.005,0,0,Down,NEUTRAL,06:30:00
63,0.322,9,0.006,0,0,Down,NEUTRAL,06:30:02
P66,0.23286660215582777,7,0.6308728964600813,5,0,Down,NEUTRAL,1773496658.2481759
P67,0.16333145528935927,7,0.7093276297039888,5,0.043555259704589844,Down,TIRED,1773496658.4194753
P68,0.1865369155790929,9,0.43949919671283355,9,0.0,Down,SAD,1773496660.2038057
P69,0.326357643869452,11,1.2255585033139365,17,0,Down,SURPRISED,1773496670.1477237
P70,0.32041934457786825,17,0.9160202442957119,18,0,Down,SURPRISED,1773496673.5524805
p71,0.265,0,0.014,0,0,Down,NEUTRAL,19:32:45
p71,0.356,0,0.247,0,0,Down,NEUTRAL,19:32:47
p71,0.333,1,0.011,0,0,Down,NEUTRAL,19:32:49
p71,0.384,1,0.003,0,0,Down,NEUTRAL,19:32:51
p71,0.405,2,0.001,0,0,Down,NEUTRAL,19:32:53
p71,0.386,2,0.005,1,0,Down,NEUTRAL,19:32:55
p71,0.386,3,0.001,1,0,Down,NEUTRAL,19:32:57
p71,0.188,8,0.003,1,0.03,Down,ANGRY,19:32:59
p71,0.397,9,0.051,1,0,Down,NEUTRAL,19:33:01
p71,0.386,9,0.001,1,0,Down,NEUTRAL,19:33:03
p71,0.079,9,0.001,1,0.46,Down,TIRED,19:33:05
p71,0.085,9,0.002,1,2.47,Down,TIRED,19:33:07
p71,0.355,10,0.231,1,0,Down,NEUTRAL,19:33:09
p71,0.38,11,0.001,1,0,Down,NEUTRAL,19:33:11
p71,0.173,13,0.006,1,0.0,Down,TIRED,19:33:13
p71,0.406,20,0.009,1,0,Down,NEUTRAL,19:33:15
p71,0.385,20,0.002,1,0,Down,NEUTRAL,19:33:17
p71,0.378,20,0.002,1,0,Down,NEUTRAL,19:33:19
p71,0.333,20,0.337,2,0,Down,NEUTRAL,19:33:21
p71,0.393,22,0.009,2,0,Down,NEUTRAL,19:33:23
p71,0.183,24,0.337,2,0.0,Down,ANGRY,19:33:25
p71,0.321,25,0.278,2,0,Down,NEUTRAL,19:33:27
p71,0.39,25,0.339,2,0,Down,NEUTRAL,19:33:29
p71,0.284,25,0.057,2,0,Down,NEUTRAL,19:33:31
P72,0.2692398292770548,0,1.4207388484618952,2,0,Down,SURPRISED,1773497751.1250846
P73,0.2185219902331944,1,1.3337697610172141,4,0,Down,SURPRISED,1773497758.4254262
P74,0.21427590006121375,1,1.1295879835390157,4,0,Down,SURPRISED,1773497758.5394323
73,0.394,0,0.029,0,0,Down,NEUTRAL,12:05:23
73,0.269,0,0.006,0,0,Down,NEUTRAL,12:05:25
73,0.3,0,0.332,0,0,Up,NEUTRAL,12:05:27
73,0.343,0,0.574,0,0,Up,NEUTRAL,12:05:29
73,0.515,0,0.221,1,0,Left,YAWNING,12:05:31
73,0.399,0,0.483,1,0,Up,HAPPY,12:05:33
73,0.32,0,0.4,1,0,Up,NEUTRAL,12:05:36
73,0.36,2,0.007,1,0,Up,NEUTRAL,12:05:38
73,0.348,2,0.001,1,0,Up,NEUTRAL,12:05:40
73,0.341,2,0.005,1,0,Up,NEUTRAL,12:05:42
73,0.345,2,0.013,1,0,Up,NEUTRAL,12:05:44
73,0.384,2,0.307,1,0,Up,NEUTRAL,12:05:46
73,0.328,2,0.024,1,0,Up,NEUTRAL,12:05:48
73,0.345,2,0.014,1,0,Up,NEUTRAL,12:05:50
73,0.367,3,0.001,1,0,Up,NEUTRAL,12:05:52
73,0.381,3,0.002,1,0,Up,NEUTRAL,12:05:54
73,0.369,3,0.327,1,0,Up,NEUTRAL,12:05:56
73,0.372,4,0.376,1,0,Down,NEUTRAL,12:05:58
73,0.359,4,0.332,1,0,Up,NEUTRAL,12:06:00
73,0.384,5,0.006,1,0,Down,NEUTRAL,12:06:02
73,0.378,5,0.009,1,0,Up,NEUTRAL,12:06:04
73,0.353,5,0.364,1,0,Down,NEUTRAL,12:06:06
73,0.368,5,0.022,2,0,Up,NEUTRAL,12:06:08
73,0.387,5,0.407,2,0,Up,HAPPY,12:06:10
73,0.358,5,0.53,2,0,Down,HAPPY,12:06:12
73,0.364,6,0.003,2,0,Down,NEUTRAL,12:06:14
73,0.375,6,0.02,2,0,Down,NEUTRAL,12:06:16
73,0.422,6,0.329,2,0,Down,NEUTRAL,12:06:18
73,0.404,6,0.009,2,0,Down,NEUTRAL,12:06:20
73,0.29,6,0.004,3,0,Down,NEUTRAL,12:06:22
73,0.352,6,0.968,4,0,Down,SURPRISED,12:06:24
73,0.31,6,0.007,7,0,Down,NEUTRAL,12:06:26
73,0.245,6,0.36,8,0,Down,NEUTRAL,12:06:28
73,0.27,7,0.802,11,0,Up,SURPRISED,12:06:30
73,0.293,10,0.389,12,0,Up,NEUTRAL,12:06:32
73,0.366,13,0.013,12,0,Up,NEUTRAL,12:06:34
73,0.262,15,0.372,12,0,Up,NEUTRAL,12:06:36
73,0.389,15,0.01,12,0,Up,NEUTRAL,12:06:38
73,0.305,15,0.348,12,0,Up,NEUTRAL,12:06:40
73,0.353,15,0.322,12,0,Up,NEUTRAL,12:06:42
73,0.318,15,0.309,12,0,Up,NEUTRAL,12:06:44
73,0.349,15,0.002,12,0,Up,NEUTRAL,12:06:46
73,0.347,15,0.337,12,0,Up,NEUTRAL,12:06:48
73,0.202,17,0.012,12,0,Down,ANGRY,12:06:50
73,0.398,19,0.024,12,0,Up,NEUTRAL,12:06:52
73,0.43,19,0.233,12,0,Up,NEUTRAL,12:06:54
73,0.41,19,0.001,12,0,Up,NEUTRAL,12:06:56
73,0.393,19,0.003,12,0,Up,NEUTRAL,12:06:58
P76,0.35359947434892436,4,1.2813635814542386,12,0,Down,SURPRISED,1773556665.4284098
P77,0.3011730145546221,4,1.301223604541948,12,0,Down,SURPRISED,1773556665.8732648
P78,0.23361973038447997,4,1.1971956965356672,12,0,Down,SURPRISED,1773556666.7104378
P79,0.24648855908661899,4,1.2740689203255169,12,0,Down,SURPRISED,1773556666.8727887
P80,0.29557990534613354,4,1.1682355100607515,13,0,Down,SURPRISED,1773556668.6958065
P81,0.2822174438213863,4,1.4732198778501624,13,0,Down,SURPRISED,1773556669.2498245
P82,0.18048206282851842,4,1.273891880470889,13,0.0,Down,SURPRISED,1773556669.6732883
P83,0.1019032851886363,4,1.4468133735671156,13,0.14675617218017578,Down,TIRED,1773556669.8223262
P84,0.1495783872633885,4,1.3491234456870789,13,0.28145527839660645,Down,TIRED,1773556669.9283772
P85,0.41023699438303113,6,0.9501860266352031,14,0,Down,SURPRISED,1773556671.430949
P86,0.17571451094364882,7,1.197990134144303,14,0.0,Down,TIRED,1773556672.1511278
P87,0.43599289743463376,9,0.8933706811185211,15,0,Down,SURPRISED,1773556673.0374367
P88,0.1854420253878181,9,1.4302533985336843,15,0.2106313705444336,Down,SURPRISED,1773556673.3527179
P89,0.16278413249136553,13,1.0498652487728057,17,0.2686326503753662,Down,TIRED,1773556676.7135499
P90,0.08474426571116278,14,1.0498417394421387,17,0.0,Down,TIRED,1773556677.1220007
P91,0.07996725710849499,27,0.09091851861337359,0,0.03934502601623535,Down,TIRED,1773637291.2427363
73,0.326,0,0.064,0,0,Down,NEUTRAL,13:59:23
73,0.423,0,0.286,0,0,Down,NEUTRAL,13:59:25
73,0.251,2,0.006,2,0,Forward,NEUTRAL,13:59:27
73,0.269,5,0.027,2,0,Up,NEUTRAL,13:59:29
73,0.314,5,0.01,2,0,Down,NEUTRAL,13:59:31
73,0.315,5,0.012,2,0,Down,NEUTRAL,13:59:33
73,0.316,5,0.004,2,0,Down,NEUTRAL,13:59:35
73,0.325,6,0.008,2,0,Down,NEUTRAL,13:59:37
73,0.297,6,0.072,2,0,Down,NEUTRAL,13:59:39
73,0.316,7,0.016,2,0,Down,NEUTRAL,13:59:41
73,0.297,8,0.025,2,0,Down,NEUTRAL,13:59:43
73,0.298,8,0.038,2,0,Down,NEUTRAL,13:59:45
73,0.231,11,0.005,2,0,Down,NEUTRAL,13:59:47
73,0.262,13,0.011,2,0,Up,NEUTRAL,13:59:49
73,0.28,14,0.006,2,0,Down,NEUTRAL,13:59:51
73,0.118,14,0.004,2,0.3,Down,TIRED,13:59:53
73,0.112,15,0.006,2,0.47,Down,TIRED,13:59:55
73,0.276,16,0.004,2,0,Down,NEUTRAL,13:59:57
73,0.338,16,0.003,2,0,Down,NEUTRAL,13:59:59
73,0.303,17,0.01,2,0,Down,NEUTRAL,14:00:01
73,0.28,17,0.002,2,0,Up,NEUTRAL,14:00:03
73,0.288,18,0.005,2,0,Up,NEUTRAL,14:00:06
73,0.298,18,0.005,2,0,Up,NEUTRAL,14:00:08
73,0.376,18,0.182,2,0,Down,NEUTRAL,14:00:10
73,0.372,18,0.15,2,0,Down,NEUTRAL,14:00:12
74,0.477,0,0.017,0,0,Down,NEUTRAL,09:26:45
74,0.216,0,0.004,0,0,Down,ANGRY,09:26:47
74,0.441,0,0.144,0,0,Down,NEUTRAL,09:26:49
74,0.316,0,0.053,0,0,Down,NEUTRAL,09:26:51
74,0.579,0,0.011,0,0,Left,NEUTRAL,09:26:53
74,0.273,0,0.027,0,0,Down,NEUTRAL,09:26:55
74,0.316,0,0.016,0,0,Up,NEUTRAL,09:26:57
74,0.239,0,0.019,1,0,Down,NEUTRAL,09:26:59
74,0.25,1,0.009,1,0,Down,NEUTRAL,09:27:01
74,0.268,1,0.023,1,0,Down,NEUTRAL,09:27:03
